,longitude,latitude,transaction_type,price,property_type,property_subtype,seller_id,postal_code,date_of_construction,property_condition,land_surface,livable_surface,energy_consumption,number_of_bedrooms,number_of_bathrooms,elevator,garden,terrace,furnished,availability,province,street,street_number,garage,balcony
vbe34536,4.3619341,50.8168767,Rent,5000,House,MasterHouse,39656,1050,1927.0,Excellent,195.0,278.0,118079.0,5.0,3.0,False,70.0,17.0,False,Immediately,Brussels,Rue Jules Lejeune,42.0,,
vbe32724,4.313739,50.8918916,Rent,1190,Appartment,Flat,40587,1090,2012.0,Normal,,78.0,,2.0,1.0,,,8.0,False,,Brussels,Avenue du Bourgmestre Etienne Demunter,19.0,,
vbe19877,4.3193694,50.8569755,Rent,1200,Appartment,Flat,38140,1080,1968.0,Normal,,100.0,,2.0,1.0,True,,,,,Brussels,,,1.0,
vbe36865,4.339671,50.80795,Rent,1200,Appartment,Flat,43099,1180,1938.0,Normal,,75.0,,1.0,1.0,False,,3.0,False,,Brussels,Avenue Coghen,153.0,,
vbe36883,4.3506813,50.8552037,Rent,1200,Appartment,Flat,44165,1000,2018.0,Excellent,,63.0,,1.0,1.0,True,,14.0,False,Immediately,Brussels,Quai aux Pierres de Taille,16.0,,
vbe34591,4.3735693,50.8160683,Rent,2200,Appartment,Flat,42479,1050,1915.0,Fully renovated,,113.0,10709.0,2.0,1.0,True,,9.0,True,,Brussels,Boulevard de la Cambre,45.0,,
vbe34643,4.3857974,50.8351558,Rent,2500,House,House,39656,1040,1890.0,Fully renovated,120.0,180.0,40332.0,3.0,2.0,False,45.0,,False,Immediately,Brussels,Rue Richard Kips,28.0,,
vbe32595,4.3848205,50.8122615,Rent,1350,Appartment,Flat,46535,1050,,Normal,,90.0,,1.0,1.0,True,,23.0,False,,Brussels,Avenue Adolphe Buyl,155.0,,
vbe36851,4.3547963,50.7973526,Rent,1200,Appartment,Flat,40457,1180,,Normal,,95.0,19457.0,2.0,1.0,True,,12.0,False,,Brussels,Avenue Circulaire,144.0,1.0,
vbe36867,4.37835821,50.8645588,Rent,1200,Appartment,Flat,40044,1030,1903.0,,,83.0,,2.0,1.0,False,,,False,From 19/06/2026,Brussels,Rue Teniers,19.0,,
vbe35096,4.3472595,50.8559857,Rent,1250,Appartment,Flat,46453,1000,1934.0,Excellent,,50.0,,1.0,1.0,True,,2.0,True,Immediately,Brussels,Quai du Commerce,8.0,,True
vbe36884,4.3480673,50.8534804,Rent,1185,Appartment,Flat,44165,1000,1990.0,Normal,,56.0,,1.0,1.0,False,,,False,,Brussels,Rue du Grand Hospice,40.0,,
vbe35025,4.3008967,50.8740942,Rent,3300,House,House,39656,1083,2001.0,Excellent,8873.0,225.0,30212.0,4.0,2.0,False,20.0,12.0,True,Immediately,Brussels,Venelle Vivaldi,20.0,1.0,
vbe36850,4.3333333,50.8,Rent,1700,Appartment,Flat,39905,1180,1996.0,Fully renovated,,100.0,23273.0,2.0,2.0,True,,6.0,False,Immediately,Brussels,,,,
vbe33188,4.3658967,50.8379318,Rent,1650,Appartment,Duplex,48162,1050,,Excellent,,97.0,16885.0,2.0,2.0,True,,32.0,False,Immediately,Brussels,Rue de Naples,37.0,,
vbe36903,4.388949,50.832177,Rent,1500,Appartment,Flat,40044,1040,,,,95.0,,2.0,1.0,False,,,True,From 01/07/2026,Brussels,,,,
vbe36880,4.3408209,50.8088388,Rent,1425,Appartment,Flat,38611,1180,,Fully renovated,,85.0,16171.0,2.0,1.0,True,,,,,Brussels,Avenue du Floréal,92.0,1.0,
vbe36864,4.344388,50.81903,Rent,850,Appartment,Flat,43099,1190,,Normal,,58.0,,1.0,1.0,False,,,False,,Brussels,RUE BERKENDAEL,28.0,,
vbe34590,4.4106993,50.822803,Rent,1200,Appartment,Flat,40587,1160,1962.0,Normal,,84.0,,2.0,1.0,,,2.0,False,Immediately,Brussels,Avenue Thomas Frissen,1.0,,
vbe35168,4.3330787,50.7842296,Rent,1630,Appartment,Penthouse,42479,1180,2019.0,New,,98.0,612.0,2.0,2.0,True,,25.0,False,,Brussels,Rue des Bigarreaux,11.0,,True
rbw26131,4.3552866,50.8413118,Rent,2150,Appartment,Flat,49251,1000,,,,30.0,,,,,,,,,Brussels,Rue Sainte-Anne Brussels,,,False
rbw26141,4.377691,50.845918,Rent,1700,Appartment,Flat,49242,1000,,Excellent,,92.0,,2.0,1.0,True,,6.0,True,Immediately,Brussels,Square Marie-Louise,1.0,1.0,
vbe36741,4.3166667,50.8,Rent,3800,Appartment,Flat,39905,1190,1905.0,Excellent,,243.0,35200.0,3.0,2.0,True,,8.0,False,Immediately,Brussels,,,2.0,
vbe36839,4.4311516,50.8548971,Rent,1300,Appartment,Flat,43157,1200,2006.0,Fully renovated,,104.0,132.0,2.0,2.0,True,,5.0,False,Immediately,Brussels,Avenue de Calabre,6.0,,
rbw26132,4.3552866,50.8413118,Rent,2150,Appartment,Flat,49251,1000,,,,45.0,,,,,,,,,Brussels,Rue Sainte-Anne Brussels,,,False
rbw26140,4.3679287,50.8200133,Rent,2100,Appartment,Duplex,49242,1050,1904.0,Excellent,,140.0,,2.0,2.0,False,300.0,25.0,False,Immediately,Brussels,Rue Van Eyck,21.0,,
vbe36737,4.3239279,50.7984613,Rent,2000,House,House,40457,1180,1933.0,Fully renovated,380.0,134.0,61578.0,2.0,1.0,False,120.0,,,Immediately,Brussels,Rue du Merlo,76.0,,
vbe36845,4.3990878,50.8085357,Rent,1150,Appartment,Flat,39290,1170,,,,74.0,,1.0,1.0,,,5.0,,From 01/09/2026,Brussels,Drève des Weigélias,13.0,,
rbw26128,4.3526015,50.8472523,Rent,2000,Appartment,Flat,49251,1000,,,,80.0,,,,,,,,,Brussels,Rue Chair et Pain Brussels,,,False
rbw26156,4.3778499,50.8265065,Rent,2050,Appartment,Duplex,49242,1050,1910.0,Excellent,,171.0,,2.0,1.0,False,50.0,15.0,,Immediately,Brussels,Rue Borrens,48.0,,
rbw26155,4.3780251,50.8450942,Rent,1700,Appartment,Flat,49242,1000,,Excellent,,92.0,,2.0,1.0,True,,4.0,True,Immediately,Brussels,Avenue Livingstone,17.0,,
vbe36820,4.3193694,50.8569755,Rent,1225,Appartment,Flat,45859,1080,2018.0,Normal,,85.0,38.0,2.0,1.0,True,,,,Immediately,Brussels,,,,
vbe36790,4.3766927,50.8235717,Rent,2050,Appartment,Duplex,39905,1050,1930.0,Excellent,,170.0,24140.0,2.0,1.0,False,50.0,15.0,False,Immediately,Brussels,,,,
vbe36743,4.3766927,50.8235717,Rent,3800,Appartment,Flat,39905,1050,1905.0,Excellent,,241.0,41436.0,3.0,2.0,True,,22.0,False,Immediately,Brussels,,,1.0,
rwc42831,4.3615283,50.827294,Rent,7995,Appartment,Flat,48967,1050,,Excellent,,80.0,,2.0,2.0,True,,,True,From 23/08/2026,Brussels,Rue de Livourne,97.0,,
vbe36742,4.3166667,50.8,Rent,3800,Appartment,Flat,39905,1190,1905.0,Excellent,,241.0,41436.0,3.0,2.0,True,,22.0,False,Immediately,Brussels,,,1.0,
rbw26129,4.3552866,50.8413118,Rent,2150,Appartment,Flat,49251,1000,,,,30.0,,,,,,,,,Brussels,Rue Sainte-Anne Brussels,,,False
rbw26130,4.3552866,50.8413118,Rent,2150,Appartment,Flat,49251,1000,,,,30.0,,,,,,,,,Brussels,Rue Sainte-Anne Brussels,,,False
rbw26133,4.3526015,50.8472523,Rent,1850,Appartment,Flat,49251,1000,,,,45.0,,,,,,,,,Brussels,Rue Chair et Pain Brussels,,,False
vbe36739,4.3875057,50.8390068,Rent,1400,Appartment,Flat,40457,1040,,Normal,,100.0,,2.0,1.0,True,,,,Immediately,Brussels,Avenue des Nerviens,37.0,,
vbe36660,4.3402184,50.8301436,Rent,2150,Appartment,Flat,43099,1060,,Normal,,160.0,,3.0,2.0,False,,25.0,False,,Brussels,,,1.0,
vbe36727,4.3458451,50.8423041,Rent,1100,Appartment,Flat,46472,1000,,,,,,,,,,,True,From 16/09/2026,Brussels,Place Rouppe Brussels,,,False
vbe36639,4.36665933,50.81046305,Rent,900,Appartment,Flat,38513,1180,1900.0,Normal,,50.0,,1.0,1.0,False,,,False,Immediately,Brussels,Avenue Montjoie,51.0,,
vbe36708,4.37499,50.82067,Rent,4750,Appartment,Flat,47312,1050,,Excellent,,345.0,,2.0,2.0,,225.0,6.0,,Immediately,Brussels,AVENUE DES KLAUWAERTS,33.0,,
vbe36690,4.3709276,50.8791885,Rent,1250,Appartment,Flat,44165,1000,1884.0,Normal,,75.0,,2.0,1.0,True,,,False,Immediately,Brussels,Quai des Usines,155.0,,
vbe36715,4.3849001,50.8176909,Rent,740,Appartment,Flat,46472,1050,,,,,,,,,,,False,From 16/09/2026,Brussels,Place de la Petite Suisse Elsene,,,False
vbe36720,4.345387,50.8421034,Rent,940,Appartment,Flat,46472,1000,,,,,,,,,,,True,From 16/09/2026,Brussels,Avenue de Stalingrad Brussels,,,False
rbw26086,4.388949,50.832177,Rent,2750,House,House,48985,1040,,Normal,,258.0,,3.0,2.0,,,,,From 14/08/2026,Brussels,,,,
vbe36713,4.3498377,50.8522616,Rent,975,Appartment,Flat,46472,1000,,,,,,,,,,,True,From 16/09/2026,Brussels,Place du Béguinage Brussels,,,False
vbe36605,4.4416222,50.8547048,Rent,970,Appartment,FlatStudio,27612,1200,,Excellent,,47.0,,1.0,1.0,True,,7.0,False,Immediately,Brussels,Avenue Marcel Thiry,16.0,,
vbe36687,4.3456458,50.8077058,Rent,2200,Appartment,Flat,40959,1180,,Fully renovated,,125.0,,3.0,2.0,True,,,,,Brussels,AVENUE CH?TEAU DE WALZIN,6.0,1.0,True
vbe36652,4.4313495,50.8377099,Rent,2000,Appartment,Flat,43157,1150,2018.0,Excellent,,117.0,7346.0,3.0,2.0,True,,12.0,False,,Brussels,Place des Maïeurs,2.0,1.0,
vbe36657,4.3417035,50.8788137,Rent,1090,Appartment,Flat,38611,1020,,New,,60.0,9112.0,1.0,,False,,,,Immediately,Brussels,Rue Steyls,82.0,,
vbe36615,4.3766927,50.8235717,Rent,795,Appartment,FlatStudio,40389,1050,2007.0,,,45.0,,,1.0,True,,,True,,Brussels,,,,
rbw26084,4.3333333,50.8,Rent,1095,Appartment,Flat,48985,1180,1947.0,Normal,,46.0,,1.0,1.0,True,,,,From 28/02/2026,Brussels,,,,
vbe36610,4.4254994,50.855862,Rent,1200,Appartment,Flat,27466,1200,2005.0,Excellent,,68.0,24583.0,1.0,1.0,True,,,True,,Brussels,Gulledelle Sint-Lambrechts-Woluwe,,,
vbe36717,4.3849001,50.8176909,Rent,740,Appartment,Flat,46472,1050,,,,,,,,,,,False,From 16/09/2026,Brussels,Place de la Petite Suisse Elsene,,,False
vbe36623,4.3512555,50.8434512,Rent,1800,Appartment,Flat,27214,1000,2004.0,Excellent,,110.0,13258.0,3.0,1.0,True,,7.0,False,Immediately,Brussels,Rue de Villers,22.0,,
vbe36721,4.3522809,50.8527753,Rent,810,Appartment,Flat,46472,1000,,,,,,,,,,,False,From 16/09/2026,Brussels,Rue aux Fleurs Brussels,,,False
vbe36689,4.3539985,50.8225496,Rent,900,Appartment,FlatStudio,44165,1050,1952.0,Normal,,37.0,,,1.0,True,,7.0,False,Immediately,Brussels,chaussée de Waterloo,363.0,,
vbe36566,4.3665903,50.8121005,Rent,2300,Appartment,Flat,43157,1180,1961.0,Normal,,130.0,11065.0,3.0,1.0,True,,6.0,False,,Brussels,Avenue Winston Churchill,236.0,1.0,
vbe36551,4.3515499,50.8427501,Rent,1150,Appartment,Flat,29033,1000,1900.0,Normal,,65.0,,1.0,1.0,False,,18.0,False,Immediately,Brussels,,,,
vbe36491,4.3728279,50.8369218,Rent,1050,Appartment,Flat,40088,1050,,Normal,,57.0,,1.0,1.0,True,,,True,,Brussels,Rue Godecharle,10.0,,
vbe36457,4.3820755,50.8247667,Rent,3350,House,House,44165,1050,,Excellent,,230.0,,4.0,3.0,False,55.0,,False,,Brussels,Rue Adolphe Mathieu,50.0,,
vbe36577,4.4329851,50.8381484,Rent,750,Appartment,Flat,39602,1150,,,,29.0,,,1.0,,,10.0,,,Brussels,,,,
vbe36492,4.3766927,50.8235717,Rent,1050,Appartment,Flat,40088,1050,,Normal,,62.0,,1.0,1.0,True,,,True,,Brussels,,,,
vbe36489,4.4085884,50.8391094,Rent,900,Appartment,FlatStudio,40088,1200,1979.0,Normal,,51.0,10590.0,1.0,1.0,True,,5.0,False,,Brussels,Boulevard Brand Whitlock,18.0,,
vbe36553,4.3704657,50.8537715,Rent,2500,Appartment,Flat,40044,1210,,,,,,3.0,3.0,False,,,True,From 01/09/2026,Brussels,,,,
vbe36544,4.388949,50.832177,Rent,1750,Appartment,Flat,40044,1040,,,,110.0,,3.0,1.0,False,,,False,,Brussels,,,,
vbe36592,4.412071,50.8681936,Rent,1150,Appartment,Duplex,45858,1140,,Fully renovated,,70.0,12829.0,2.0,1.0,False,,,False,Immediately,Brussels,Rue de l'Arbre Unique,105.0,,
vbe36464,4.4073471,50.8758572,Rent,850,Appartment,FlatStudio,46605,1140,2019.0,Normal,,40.0,4563.0,0.0,1.0,True,,,False,,Brussels,Avenue Louis Piérard,57.0,,
vbe36442,4.3766927,50.8235717,Rent,1600,Appartment,Flat,40044,1050,,,,,,2.0,1.0,False,,,True,From 18/06/2026,Brussels,,,,
vbe36599,4.4287216,50.8154609,Rent,1200,Appartment,Flat,46605,1160,1990.0,Normal,,110.0,22034.0,2.0,1.0,True,,,False,Immediately,Brussels,Place Communale,15.0,,
vbe36488,4.4293643,50.8541241,Rent,775,Appartment,FlatStudio,40088,1200,2016.0,Excellent,,44.0,,0.0,1.0,True,,,,Immediately,Brussels,Avenue du Yorkshire,24.0,,
vbe36559,4.4004476,50.8486339,Rent,830,Appartment,FlatStudio,27612,1030,2000.0,Excellent,,30.0,,0.0,1.0,True,,3.0,True,,Brussels,Avenue de Roodebeek,78.0,,
vbe36500,4.37513275,50.79086565,Rent,1700,Appartment,Flat,38513,1180,,Normal,,95.0,,2.0,2.0,True,,10.0,False,Immediately,Brussels,Chaussée de Waterloo,1322.0,,
vbe36455,4.3166667,50.8,Rent,1350,Appartment,Flat,44115,1190,,Excellent,,91.0,,2.0,1.0,,,,False,Immediately,Brussels,,,,
vbe36424,4.3836204,50.8536309,Rent,755,Appartment,FlatStudio,48204,1030,,Excellent,,32.0,14251.0,0.0,1.0,False,,,False,Immediately,Brussels,Rue Artan,108.0,,
vbe36426,4.37668792,50.68279705,Rent,850,Appartment,FlatStudio,42991,1050,2018.0,,,45.0,,,1.0,True,,,False,Immediately,Brussels,rue de la croix,6.0,,
vwd17877,4.4521378,50.8588065,Rent,950,Appartment,FlatStudio,0,1200,,Excellent,,39.0,,0.0,1.0,,,1.0,,,Brussels,Lennekemarelaan,34.0,,
vbe36388,4.3766927,50.8235717,Rent,1600,Appartment,Flat,40044,1050,,,,,,2.0,1.0,False,,,True,From 15/07/2026,Brussels,,,,
vbe36337,4.3899992,50.8305664,Rent,1490,Appartment,Penthouse,37194,1040,,New,,60.0,,1.0,1.0,False,,16.0,False,Immediately,Brussels,Armand Steurs,17.0,,
vbe36419,4.3253386,50.8151205,Rent,1500,Appartment,Flat,47577,1190,,New,,113.0,9.0,2.0,2.0,True,,,False,Immediately,Brussels,Avenue des Tropiques,24.0,,
vbe36298,4.4064806,50.8442379,Rent,1400,Appartment,Flat,27466,1200,,New,,77.0,11964.0,1.0,1.0,False,,,True,Immediately,Brussels,Avenue Marie-José,164.0,,
vbe36407,4.3129001,50.865772,Rent,750,Appartment,Flat,28427,1081,,,,50.0,,,1.0,,,3.0,,,Brussels,"Avenue de la Basilique,",371.0,,
vbe36341,4.3899992,50.8305664,Rent,1350,Appartment,Flat,37194,1040,,New,,80.0,,1.0,1.0,False,,4.0,False,Immediately,Brussels,Armand Steurs,17.0,,
vbe36241,4.4090177,50.837602,Rent,1450,Appartment,Flat,43157,1150,1948.0,Fully renovated,,166.0,179.0,2.0,2.0,True,,4.0,False,Immediately,Brussels,Avenue de Tervueren,148.0,1.0,
vbe36340,4.3772104,50.8535374,Rent,1350,Appartment,Flat,37194,1040,1932.0,Fully renovated,,80.0,,1.0,1.0,False,,3.0,False,Immediately,Brussels,Square Armand Steurs,17.0,,
vbe36344,4.3960218,50.8438739,Rent,1450,Appartment,Flat,27214,1030,1970.0,Excellent,,70.0,16528.0,2.0,1.0,False,,7.0,False,Immediately,Brussels,Rue du Noyer,342.0,,
vbe36323,4.3452691,50.8517903,Rent,1550,Appartment,Flat,38609,1000,1931.0,Normal,,104.0,13048.0,2.0,1.0,True,,,,Negotiable,Brussels,Rue Léon Lepage,19.0,,
vbe36277,4.3362741,50.7814658,Rent,3500,House,House,46120,1180,,Excellent,800.0,180.0,42.0,3.0,2.0,False,800.0,,True,,Brussels,Rue de la Cueillette,44.0,,
vbe36393,4.398463,50.85721,Rent,950,Appartment,Flat,46469,1030,1967.0,Normal,,36.0,,,1.0,True,,25.0,False,On contract,Brussels,Rue Paul Hymans,9.0,,
vbe36406,4.3333333,50.8,Rent,2650,Appartment,Flat,33267,1180,2017.0,Excellent,,134.0,,3.0,1.0,True,,,True,From 14/09/2026,Brussels,,,,
vbe36319,4.3591797,50.8501194,Rent,760,Appartment,FlatStudio,40389,1000,2000.0,Normal,,25.0,,0.0,,True,,,True,Immediately,Brussels,Rue Saint-Laurent,2.0,,
vbe36420,4.3253386,50.8151205,Rent,2500,Appartment,Flat,47577,1190,,New,,140.0,,3.0,2.0,True,,15.0,False,Immediately,Brussels,Avenue des Tropiques,24.0,,
vbe36418,4.3253386,50.8151205,Rent,1200,Appartment,Flat,47577,1190,,New,,66.0,21.0,1.0,1.0,True,,7.0,True,Immediately,Brussels,Avenue des Tropiques,24.0,,
vbe36402,4.38528,50.81446,Rent,1350,Appartment,Flat,43065,1050,,Normal,,100.0,,1.0,1.0,True,,,,Immediately,Brussels,AVENUE ARMAND HUYSMANS,34.0,,
vbe36339,4.3899992,50.8305664,Rent,1490,Appartment,Flat,37194,1040,,New,,70.0,,1.0,1.0,False,,,False,Immediately,Brussels,Armand Steurs,17.0,,
vbe36409,4.3766927,50.8235717,Rent,1600,Appartment,Flat,40044,1050,,,,,,2.0,1.0,False,,,True,From 01/08/2026,Brussels,,,,
vbe36136,4.3819028,50.8588958,Rent,990,Appartment,Flat,46472,1030,,,,,,,,,,,True,From 30/08/2026,Brussels,Avenue Général Eisenhower Schaarbeek,,,False
vbe36151,4.4113336,50.8239365,Rent,1900,House,MixedBuilding,46472,1150,,,80.0,,,,,,,,True,From 03/09/2026,Brussels,Avenue des Eperviers Sint-Pieters-Woluwe,,,False
vbe36215,4.3431374,50.8522335,Rent,1350,Appartment,Flat,46371,1000,,Normal,,75.0,,2.0,1.0,False,,,False,,Brussels,rue antoine dansaert,142.0,,
vbe36204,4.3121604,50.8686577,Rent,995,Appartment,Flat,46371,1083,,Normal,,80.0,,2.0,1.0,False,,,False,,Brussels,Avenue Charles-Quint,48.0,,
vbe36128,4.3593,50.82003,Rent,1200,Appartment,Flat,43065,1050,,Normal,,86.0,,1.0,1.0,,,,,From 31/08/2026,Brussels,AVENUE LOUIS LEPOUTRE Elsene,,,
vbe36138,4.2975122,50.8491177,Rent,895,Appartment,Flat,46472,1080,,,,,,,,,,,True,From 18/06/2026,Brussels,Rue du Menuet Sint-Jans-Molenbeek,,,False
rbw25395,4.3590349,50.8673668,Rent,1650,Appartment,Flat,49251,1000,,,,50.0,,,,,,,,,Brussels,Chaussée d'Anvers Brussels,,,False
vbe36213,4.3515499,50.8427501,Rent,900,Appartment,Flat,40102,1000,,,,70.0,,1.0,,,,,,From 01/09/2026,Brussels,,,,
vbe36193,4.3675105,50.8448575,Rent,2900,Appartment,Flat,27214,1000,1956.0,Excellent,,260.0,57020.0,3.0,3.0,True,,3.0,False,,Brussels,Boulevard du Régent,29.0,1.0,
vbe36214,4.3766927,50.8235717,Rent,850,Appartment,Flat,40102,1050,,,,40.0,,1.0,,,,,,,Brussels,,,,
vbe36199,4.3287442,50.874201,Rent,1200,Appartment,Flat,39656,1090,1900.0,New,,76.0,16895.0,1.0,1.0,False,,30.0,False,Immediately,Brussels,Rue Paul Michiels,45.0,,
vbe36173,4.3766927,50.8235717,Rent,2100,Appartment,Flat,38329,1050,,Normal,,200.0,,3.0,1.0,False,,15.0,True,From 16/08/2026,Brussels,,,,
vbe36183,4.3333333,50.8,Rent,1400,Appartment,Flat,39905,1180,1952.0,Excellent,,97.0,13990.0,1.0,1.0,True,,,False,,Brussels,,,,
vbe36143,4.3952354,50.8294202,Rent,1150,Appartment,Flat,46472,1040,,,,,,,,,,,True,From 14/09/2026,Brussels,Rue Général Fivé Etterbeek,,,False
vbe36182,4.3943399,50.8428198,Rent,5995,House,House,43761,1000,1896.0,Excellent,,467.0,,7.0,4.0,False,50.0,15.0,False,,Brussels,Avenue de la Renaissance,46.0,1.0,
vbe36135,4.38263,50.83382,Rent,700,Appartment,Flat,46472,1040,,,,,,1.0,,,,,True,From 15/09/2026,Brussels,Rue de l'Orient Etterbeek,,,False
vbe36217,4.4031428,50.8102354,Rent,1200,Appartment,Flat,46605,1170,,Excellent,,97.0,,2.0,1.0,True,,20.0,False,,Brussels,Avenue de la Sauvagine,1.0,,
vbe36174,4.3766927,50.8235717,Rent,1500,Appartment,Flat,38329,1050,,Normal,,65.0,,2.0,,False,,4.0,True,From 04/08/2026,Brussels,,,,
rbw25338,4.414715,50.800919,Rent,1850,House,House,48985,1170,1958.0,Normal,,162.0,,3.0,1.0,,,,,Immediately,Brussels,,,,
rbw25339,4.3766927,50.8235717,Rent,4250,House,House,48985,1050,1920.0,Excellent,100.0,347.0,,4.0,,,80.0,,,From 05/07/2026,Brussels,,,,
vbe36079,4.3766927,50.8235717,Rent,900,Appartment,FlatStudio,27212,1050,1972.0,,,42.0,,,1.0,True,,,True,From 01/07/2026,Brussels,,,,
vbe36088,4.3766927,50.8235717,Rent,1090,Appartment,GroundFloor,27212,1050,,,,58.0,,1.0,1.0,False,,10.0,False,Immediately,Brussels,,,,
vbe36081,4.3766927,50.8235717,Rent,1070,House,House,27212,1050,,,,78.0,,2.0,1.0,False,,,False,Immediately,Brussels,,,,
vbe36086,4.388949,50.832177,Rent,850,Appartment,FlatStudio,27212,1040,,,,22.0,,1.0,1.0,False,,,True,Immediately,Brussels,,,,
vbe36089,4.388949,50.832177,Rent,960,Appartment,Flat,27212,1040,,,,35.0,,1.0,1.0,True,,,True,,Brussels,,,,
vbe36090,4.388949,50.832177,Rent,500,Appartment,Flat,27212,1040,,,,13.0,,1.0,,False,,,True,Immediately,Brussels,,,,
vbe36084,4.397239,50.8324969,Rent,995,Appartment,Flat,27212,1040,,,,65.0,,1.0,1.0,True,,4.0,False,From 01/08/2026,Brussels,Place du Roi Vainqueur,28.0,,
vbe36123,4.35531,50.8412,Rent,2800,Appartment,Loft,43065,1000,,Normal,,248.0,,3.0,1.0,,,,,Immediately,Brussels,RUE SAINTE-ANNE,40.0,,
vbe36076,4.388949,50.832177,Rent,960,Appartment,FlatStudio,27212,1040,,,,35.0,,1.0,1.0,True,,,True,,Brussels,,,,
vbe36091,4.388949,50.832177,Rent,850,Appartment,Flat,27212,1040,,,,22.0,,1.0,1.0,False,,,True,Immediately,Brussels,,,,
vbe36119,4.4247989,50.8012683,Rent,1100,Appartment,FlatStudio,40959,1170,2025.0,New,,48.0,,,1.0,True,19.0,,True,,Brussels,BOULEVARD DU SOUVERAIN,17.0,1.0,
vbe36085,4.3766927,50.8235717,Rent,1090,Appartment,Flat,27212,1050,,,,58.0,,1.0,1.0,False,,10.0,False,Immediately,Brussels,,,,
vbe36080,4.388949,50.832177,Rent,1150,Appartment,Flat,27212,1040,,,,43.0,,1.0,,False,,15.0,True,Immediately,Brussels,,,,
vbe36087,4.388949,50.832177,Rent,1030,Appartment,Flat,27212,1040,,,,80.0,,1.0,,False,,,False,From 16/07/2026,Brussels,,,,
vbe36075,4.3766927,50.8235717,Rent,625,Appartment,FlatStudio,27212,1050,,Normal,,20.0,,,,False,,,False,Immediately,Brussels,,,,
vbe36083,4.3766927,50.8235717,Rent,800,Appartment,FlatStudio,27212,1050,,,,25.0,,1.0,,False,,,False,Immediately,Brussels,,,,
vbe36077,4.388949,50.832177,Rent,1100,Appartment,Flat,27212,1040,,,,37.0,,1.0,1.0,False,,,True,Immediately,Brussels,,,,
vbe36078,4.37727,50.86744,Rent,950,Appartment,Flat,27212,1030,,,,60.0,,1.0,1.0,False,,,False,From 01/07/2026,Brussels,,,,
vbe36126,4.40719,50.83205,Rent,4200,Appartment,Flat,43065,1040,1932.0,Excellent,,220.0,,3.0,3.0,True,,,,Immediately,Brussels,AVENUE NESTOR PLISSART,6.0,,
vbe36074,4.423892,50.842365,Rent,900,Appartment,FlatStudio,27212,1200,2026.0,New,,38.0,,,,True,,,False,Immediately,Brussels,,,,
vbe36073,4.3750976,50.8428636,Rent,1050,Appartment,FlatStudio,27212,1040,,,,35.0,,1.0,,True,,,False,Immediately,Brussels,Rue de Trèves,104.0,,
vbe36022,4.3333333,50.8,Rent,1690,Appartment,Flat,40044,1180,1960.0,,,90.0,,2.0,1.0,False,,,True,From 01/08/2026,Brussels,,,,
vbe36039,4.3751945,50.8469369,Rent,1395,Appartment,Flat,37194,1040,1913.0,Excellent,,45.0,,1.0,1.0,False,,4.0,True,Immediately,Brussels,Rue du Marteau,72.0,,
vbe36034,4.3099356,50.8636285,Rent,1050,Appartment,GroundFloor,40081,1080,,Excellent,,50.0,,1.0,1.0,False,50.0,15.0,False,Immediately,Brussels,Avenue Edouard Bénès,160.0,,
vbe36008,4.3759148,50.8457187,Rent,1085,Appartment,Flat,37194,1040,1901.0,Normal,,45.0,,1.0,1.0,False,,,True,Immediately,Brussels,Rue Philippe Le Bon,12.0,,
rbw24762,4.3333333,50.8,Rent,2650,Appartment,Flat,49237,1180,,Excellent,,200.0,,5.0,3.0,True,,10.0,False,On contract,Brussels,,,1.0,
vbe36062,4.3333333,50.8,Rent,1350,Appartment,Duplex,39905,1180,1970.0,Excellent,,63.0,8561.0,2.0,1.0,False,,,True,,Brussels,,,,
vbe36002,4.4127178,50.8578254,Rent,1595,House,House,27484,1140,,Normal,,138.0,21481.0,3.0,1.0,,,,,Immediately,Brussels,Avenue Léon Grosjean,19.0,,
vbe36060,4.3333333,50.8,Rent,1300,Appartment,Duplex,39905,1180,1970.0,Excellent,,63.0,8561.0,2.0,1.0,False,,,False,,Brussels,,,,
vbe35976,4.3766927,50.8235717,Rent,1660,Appartment,Flat,37194,1050,1869.0,Excellent,,91.0,,2.0,1.0,False,,,True,,Brussels,,,,
vbe35981,4.34986,50.85581,Rent,1540,Appartment,Flat,28126,1000,,New,,80.0,,2.0,,True,,5.0,False,From 01/07/2026,Brussels,Quai au Foin,37.0,,
vbe36044,4.3766927,50.8235717,Rent,1750,Appartment,Flat,40457,1050,,Normal,,92.0,13403.0,2.0,2.0,False,,,,,Brussels,,,,
vbe36065,4.3765505,50.8459488,Rent,1060,Appartment,FlatStudio,37194,1040,1890.0,Excellent,,30.0,,0.0,1.0,False,,,True,,Brussels,Rue Philippe Le bon,13.0,,
vbe36038,4.3550895,50.8442607,Rent,1900,Appartment,Penthouse,37194,1000,1960.0,Excellent,,91.0,,2.0,1.0,True,,10.0,False,,Brussels,Saint Jean,4.0,,
vbe36045,4.3545295,50.7959871,Rent,1790,Appartment,Flat,40457,1180,,Normal,,135.0,18415.0,3.0,2.0,True,,20.0,False,,Brussels,Rue François Folie,30.0,,
vbe36013,4.3766927,50.8235717,Rent,2100,Appartment,Flat,40044,1050,2006.0,,,91.0,,2.0,1.0,True,,10.0,False,From 01/07/2026,Brussels,,,,
vbe36057,4.3766927,50.8235717,Rent,1400,Appartment,Penthouse,39905,1050,1910.0,Excellent,,78.0,68128.0,2.0,1.0,False,,5.0,False,,Brussels,,,,
vbe36063,4.3402184,50.8301436,Rent,2140,Appartment,Flat,39905,1060,1958.0,Excellent,,137.0,24968.0,3.0,3.0,True,,32.0,False,,Brussels,,,,
vbe35977,4.3515499,50.8427501,Rent,2550,Appartment,Flat,37194,1000,2024.0,Excellent,,146.0,,3.0,1.0,True,,8.0,False,,Brussels,,,,
vbe36009,4.3515499,50.8427501,Rent,1350,Appartment,Flat,27214,1000,2013.0,Excellent,,89.0,9162.0,2.0,1.0,True,,7.0,True,Immediately,Brussels,,,1.0,
vbe35778,4.3766927,50.8235717,Rent,1100,Appartment,Flat,27212,1050,,,,50.0,,1.0,,False,,,False,Immediately,Brussels,,,,
vbe35900,4.4077782,50.8159937,Rent,770,Appartment,FlatStudio,40213,1160,2015.0,New,,45.0,,,,False,,,True,From 04/06/2026,Brussels,Rue Maurice Charlent,53.0,,
rbw24724,4.3554226,50.8411909,Rent,2800,Appartment,Loft,49242,1000,,Excellent,,248.0,,3.0,1.0,False,,,False,Immediately,Brussels,Rue Sainte-Anne,40.0,,
vbe35775,4.33307,50.80677,Rent,4000,House,House,33267,1180,,Excellent,,261.0,,5.0,1.0,,,,,From 31/08/2026,Brussels,RUE JOSEPH BENS,78.0,1.0,
vbe35869,4.3766927,50.8235717,Rent,1800,Appartment,Flat,46605,1050,1930.0,Excellent,,150.0,33312.0,2.0,1.0,True,,8.0,False,,Brussels,,,,
vbe35895,4.4077782,50.8159937,Rent,770,Appartment,FlatStudio,40213,1160,2015.0,New,,33.0,,,,False,,,True,From 03/06/2026,Brussels,Rue Maurice Charlent,53.0,,
vbe35897,4.4607422,50.8408667,Rent,1500,Appartment,Flat,27612,1150,2006.0,Excellent,,90.0,,2.0,1.0,True,,9.0,False,,Brussels,Rue de l'Eglise,43.0,,
vbe35928,4.3971335,50.8475986,Rent,1700,Appartment,Flat,46371,1030,2024.0,New,,86.0,,2.0,1.0,True,,17.0,False,Immediately,Brussels,Avenue de Roodebeek,21.0,,
vbe35927,4.3970567,50.8472356,Rent,1000,Appartment,FlatStudio,46371,1030,2024.0,New,,44.0,,1.0,,False,,8.0,False,Immediately,Brussels,Avenue de Roodebeek,17.0,,
vbe35810,4.3766927,50.8235717,Rent,2000,Appartment,Loft,39905,1050,2003.0,Excellent,,170.0,38568.0,3.0,1.0,False,,10.0,False,,Brussels,,,,
vbe35867,4.38713892,50.87515645,Rent,1600,Appartment,Triplex,27443,1030,,Fully renovated,,139.0,,3.0,1.0,False,,,False,From 01/07/2026,Brussels,Rue Fernand Séverin,7.0,,
rbw24642,4.2635983,50.8178811,Rent,1300,Appartment,Flat,46327,1070,2020.0,Excellent,,83.0,3104.0,2.0,1.0,True,,,False,Immediately,Brussels,Allée des Iris,8.0,,
vbe35871,4.3515499,50.8427501,Rent,2100,Appartment,Penthouse,47643,1000,2017.0,Excellent,,100.0,,2.0,2.0,True,,,True,Immediately,Brussels,,,,
vbe35857,4.3333333,50.8,Rent,12000,Appartment,Penthouse,27209,1180,2004.0,Excellent,,568.0,,5.0,6.0,True,,250.0,False,,Brussels,,,,
vbe35904,4.388949,50.832177,Rent,990,Appartment,Flat,39602,1040,,,,67.0,,,,,,,,,Brussels,,,,
vbe35929,4.3971335,50.8475986,Rent,1450,Appartment,Flat,46371,1030,2024.0,New,,70.0,,1.0,1.0,True,,10.0,False,Immediately,Brussels,Avenue de Roodebeek,21.0,,
vbe35936,4.437183,50.8428476,Rent,1725,Appartment,Flat,27612,1200,2023.0,Excellent,,90.0,,2.0,2.0,True,,7.0,False,,Brussels,Boulevard de la Woluwe,64.0,,
vbe35866,4.38713892,50.87515645,Rent,1600,Appartment,Flat,27443,1030,,Fully renovated,,139.0,,3.0,1.0,False,,,False,From 01/07/2026,Brussels,Rue Fernand Séverin,7.0,,
vbe35951,4.3515499,50.8427501,Rent,1575,Appartment,Flat,37194,1000,1940.0,Excellent,,70.0,,2.0,1.0,False,,,True,,Brussels,,,,
vbe35908,4.3766927,50.8235717,Rent,1100,Appartment,Flat,39905,1050,1910.0,Excellent,,55.0,55898.0,1.0,1.0,False,,,False,Immediately,Brussels,,,,
vbe35767,4.3899532,50.8589713,Rent,2350,Appartment,Flat,43157,1030,1929.0,Excellent,,290.0,100715.0,2.0,2.0,False,,30.0,False,Immediately,Brussels,Square Prevost-Delaunay,111.0,1.0,
vbe35695,4.3885823,50.8194896,Rent,945,Appartment,FlatStudio,33355,1050,1900.0,Excellent,,20.0,,,1.0,False,,,True,,Brussels,Rue de l'Automne,22.0,,
vbe35742,4.3402184,50.8301436,Rent,800,Appartment,Flat,39265,1060,,Normal,,45.0,23.0,1.0,1.0,False,,,True,,Brussels,,,,
vbe35762,4.4406758,50.8518484,Rent,1650,Appartment,Flat,43157,1200,2025.0,New,,106.0,,2.0,2.0,True,,7.0,False,Immediately,Brussels,Rue Neerveld,103.0,,
vbe35741,4.374143,50.8365327,Rent,2500,House,Villa,43099,1050,,Normal,,140.0,,3.0,2.0,False,60.0,15.0,False,,Brussels,Rue Wiertz,27.0,1.0,
vbe35668,4.3308539,50.892132,Rent,1100,Appartment,Flat,28427,1020,,,,80.0,,2.0,1.0,,,6.0,,,Brussels,"Av Emile van Ermengem,",10.0,,
vbe35708,4.3550895,50.8442607,Rent,1950,Appartment,Penthouse,37194,1000,1960.0,Excellent,,95.0,,2.0,1.0,True,,29.0,False,,Brussels,Saint Jean,4.0,,
vbe35677,4.3685926,50.8430672,Rent,1800,Appartment,Flat,43157,1000,,Normal,,96.0,7984.0,2.0,2.0,True,,9.0,False,,Brussels,Rue du Commerce,74.0,,
vbe35766,4.4115802,50.8299608,Rent,1550,Appartment,Flat,43157,1150,,Excellent,,104.0,19477.0,2.0,1.0,True,,8.0,False,,Brussels,Avenue des Volontaires,325.0,1.0,
vbe35709,4.3550895,50.8442607,Rent,1600,Appartment,Flat,37194,1000,1960.0,Excellent,,94.0,,2.0,1.0,True,,,False,,Brussels,Saint Jean,4.0,,
vbe35679,4.388949,50.832177,Rent,1000,Appartment,Flat,28839,1040,,,,75.0,,1.0,1.0,,,,,,Brussels,,,,
vbe35728,4.423892,50.842365,Rent,1815,Appartment,Flat,29033,1200,1942.0,Fully renovated,,116.0,,3.0,1.0,True,,3.0,False,Immediately,Brussels,,,,
vbe35724,4.3766927,50.8235717,Rent,2500,Appartment,Flat,40044,1050,,,,190.0,,3.0,2.0,False,90.0,15.0,True,From 01/08/2026,Brussels,,,,
vbe35706,4.391472,50.8191,Rent,1490,Appartment,Penthouse,38513,1050,2014.0,,,125.0,,2.0,,True,,23.0,False,From 01/10/2026,Brussels,Avenue de la Couronne,323.0,,
vbe35764,4.3620476,50.8216247,Rent,1850,Appartment,Flat,43157,1050,2019.0,Normal,,91.0,11350.0,2.0,2.0,True,,4.0,False,,Brussels,Rue de Tenbosch,83.0,,
vbe35669,4.40678732,50.82299765,Rent,1250,Appartment,Flat,27443,1160,,Fully renovated,,88.0,,2.0,1.0,False,,9.0,False,,Brussels,Avenue du Paepedelle,52.0,,
vbe35736,4.3851351,50.8156501,Rent,690,Appartment,FlatStudio,48204,1050,,Excellent,,23.0,16952.0,0.0,1.0,True,,,False,Immediately,Brussels,Square des Latins,49.0,,
vbe35666,4.3155448,50.8622507,Rent,1335,Appartment,Flat,28427,1081,,,,105.0,,2.0,,,,2.0,,,Brussels,Bd Louis Mettewie,5.0,,
vbe35765,4.3333333,50.8,Rent,4000,House,House,43157,1180,1930.0,Normal,215.0,261.0,21593.0,5.0,3.0,False,100.0,15.0,False,,Brussels,,,1.0,
vbe35707,4.363732,50.82373,Rent,1300,Appartment,Flat,38513,1050,1935.0,Normal,,65.0,,1.0,1.0,False,,,False,From 01/10/2026,Brussels,Rue du Magistrat,52.0,,
vbe35527,4.3777021,50.8428758,Rent,1590,Appartment,Flat,43157,1040,2019.0,Normal,,58.0,3239.0,1.0,1.0,True,,5.0,True,,Brussels,Rue Jacques de Lalaing,40.0,,
vbe35605,4.4075968,50.805344,Rent,2950,House,House,40380,1170,,,235.0,,,4.0,,,,,,,Brussels,Rue Th?ophile vander Elst,150.0,,
vbe35557,4.3560881,50.8503599,Rent,1230,Appartment,Flat,44165,1000,,Excellent,,70.0,,1.0,1.0,True,,,False,Immediately,Brussels,Rue du Fossé aux Loups,48.0,,False
vbe35647,4.374252,50.8313578,Rent,1000,Appartment,Flat,27497,1050,1900.0,Normal,,50.0,,1.0,1.0,False,,,False,On contract,Brussels,Rue Marie-Henriette,1.0,,
vbe35577,4.3333333,50.8,Rent,1150,Appartment,Flat,39905,1180,1977.0,Excellent,,65.0,21604.0,1.0,1.0,True,,,False,,Brussels,,,,
vbe35529,4.326965,50.8200628,Rent,1155,Appartment,Flat,43157,1190,1950.0,Normal,,60.0,148.0,2.0,1.0,False,,,False,,Brussels,Rue des Allies,188.0,,
vbe35550,4.3795267,50.8290861,Rent,1150,Appartment,Penthouse,37194,1050,,Normal,,65.0,,1.0,1.0,False,,,False,Immediately,Brussels,Avenue de la Couronne,87.0,,
rbw24544,4.3515499,50.8427501,Rent,4250,House,House,48985,1000,1920.0,Excellent,100.0,347.0,,4.0,,,80.0,,,From 05/07/2026,Brussels,,,,
vbe35578,4.3766927,50.8235717,Rent,3400,Appartment,Flat,39905,1050,1930.0,Excellent,,258.0,77970.0,3.0,2.0,True,,20.0,False,,Brussels,,,,
rbw24558,4.3406349,50.8485576,Rent,1395,Appartment,Penthouse,33802,1000,,Normal,,96.0,,1.0,1.0,True,,50.0,,Immediately,Brussels,Zennestraat,17.0,,
vbe35665,4.423892,50.842365,Rent,1600,Appartment,Flat,38566,1200,1992.0,Excellent,,130.0,26955.0,3.0,2.0,True,,,False,Immediately,Brussels,,,,
vbe35579,4.3766927,50.8235717,Rent,1800,Appartment,Penthouse,39905,1050,1980.0,Excellent,,85.0,21530.0,2.0,1.0,True,,16.0,False,,Brussels,,,,
vbe35611,4.35872,50.81571,Rent,6900,House,House,43065,1180,,Excellent,,577.0,,3.0,2.0,,,,,From 30/06/2026,Brussels,Avenue Molière,270.0,1.0,
vbe35658,4.3402184,50.8301436,Rent,1735,Appartment,Flat,46605,1060,1971.0,Excellent,,110.0,,2.0,2.0,True,,10.0,False,,Brussels,,,,
rbw24542,4.414715,50.800919,Rent,2800,House,House,48985,1170,,Normal,,228.0,,4.0,,,,,,On contract,Brussels,,,1.0,
vbe35648,4.3518129,50.8322678,Rent,1600,Appartment,Flat,27497,1060,1930.0,Excellent,,90.0,,2.0,2.0,,,,True,,Brussels,Rue Berckmans,107.0,,
vbe35607,4.3979568,50.8485226,Rent,1100,Appartment,Flat,40959,1030,1934.0,,,82.0,,1.0,1.0,True,,5.0,True,,Brussels,RUE VICTOR HUGO,192.0,,
vbe35531,4.4282401,50.8527706,Rent,1500,Appartment,Flat,43157,1200,2017.0,New,,97.0,6330.0,2.0,1.0,True,,8.0,False,,Brussels,Allée Christian de Duve,,1.0,
rbw24541,4.414715,50.800919,Rent,2950,House,House,48985,1170,,Normal,,197.0,,4.0,1.0,,,,,From 30/06/2026,Brussels,,,,
vbe35649,4.3881294,50.8148234,Rent,2050,Appartment,Flat,47577,1050,2026.0,Fully renovated,,110.0,,3.0,2.0,False,,9.0,False,Immediately,Brussels,Avenue General medecin Derache,92.0,,True
vbe35511,4.3496836,50.8467351,Rent,2800,Appartment,Penthouse,40457,1000,,Normal,,120.0,13737.0,2.0,2.0,True,,,True,Immediately,Brussels,Impasse Madrille,1.0,,
vbe35438,4.355019,50.8528167,Rent,1150,Appartment,Flat,38513,1000,,Normal,,70.0,,1.0,1.0,True,,,False,From 01/08/2026,Brussels,Boulevard Adolphe Max,45.0,,
vbe35470,4.384113,50.82248,Rent,2200,Appartment,Flat,38513,1050,,Normal,,184.0,,3.0,2.0,True,,,False,From 01/08/2026,Brussels,Rue Fritz Toussaint,51.0,,
vbe35460,4.3515499,50.8427501,Rent,2650,Appartment,Flat,37194,1000,,Normal,,161.0,,2.0,1.0,True,,,False,,Brussels,,,,
vbe35513,4.3679899,50.8315048,Rent,1040,Appartment,FlatStudio,40457,1050,2019.0,Excellent,,45.0,17.0,0.0,1.0,True,,5.0,False,,Brussels,Chaussée d'Ixelles,227.0,,
rbw23945,4.3856383,50.8602296,Rent,3250,House,House,49242,1030,,Excellent,198.0,280.0,,5.0,3.0,False,105.0,15.0,False,,Brussels,Avenue des Azalées,61.0,,
vbe35502,4.4011315,50.8295144,Rent,1380,Appartment,Flat,46535,1040,,Excellent,,70.0,,1.0,1.0,False,,,True,Immediately,Brussels,Rue de Tervaete,91.0,,
vbe35437,4.35502,50.85282,Rent,1150,Appartment,Flat,38513,1000,,Normal,,65.0,,1.0,1.0,True,,,False,From 01/08/2026,Brussels,Boulevard Adolphe Max,45.0,,
rbw23944,4.3881298,50.8374184,Rent,3100,House,House,49236,1040,1953.0,Excellent,150.0,237.0,208.0,4.0,1.0,False,80.0,10.0,False,Immediately,Brussels,Rue du Clocher,27.0,,
vbe35468,4.3836607,50.8284177,Rent,1500,Appartment,Flat,38611,1040,,,,120.0,26344.0,3.0,1.0,True,,4.0,False,,Brussels,Square de Leopoldville,17.0,,
vbe35525,4.4137529,50.8538123,Rent,2200,Appartment,Penthouse,43157,1140,2018.0,Excellent,,136.0,,3.0,2.0,True,,,False,,Brussels,Rue Colonel Bourg,111.0,,
vbe35508,4.3515499,50.8427501,Rent,1000,Appartment,Duplex,29033,1000,1930.0,Normal,,60.0,,1.0,1.0,False,,,False,,Brussels,,,,
vbe35459,4.3333333,50.8,Rent,1050,Appartment,Flat,37194,1180,,Normal,,56.0,,1.0,1.0,False,,,False,Immediately,Brussels,,,,
vbe35436,4.35464,50.85247,Rent,1300,Appartment,Flat,38513,1000,,Normal,,54.0,,1.0,,True,,,True,From 01/07/2026,Brussels,Rue Saint-Michel,16.0,,
rbw23943,4.4322337,50.8491193,Rent,1375,Appartment,GroundFloor,49236,1200,2026.0,Excellent,,67.0,150.0,1.0,1.0,False,,,False,Immediately,Brussels,Chaussée de Roodebeek,106.0,,
vbe35509,4.3515499,50.8427501,Rent,1130,Appartment,Flat,29033,1000,1930.0,Excellent,,55.0,,1.0,1.0,False,,15.0,,,Brussels,,,,
rbw23942,4.4322337,50.8491193,Rent,1950,Appartment,Duplex,49236,1200,2026.0,Excellent,,113.0,150.0,3.0,2.0,False,,,False,Immediately,Brussels,Chaussée de Roodebeek,106.0,,
vbe35510,4.3622943,50.8179433,Rent,1960,Appartment,Flat,40457,1050,,Normal,,134.0,12009.0,3.0,2.0,True,,2.0,False,Immediately,Brussels,Rue Jules Lejeune,1.0,1.0,
vbe35526,4.3981462,50.8278996,Rent,900,Appartment,FlatStudio,43157,1040,2006.0,Normal,,50.0,,0.0,1.0,True,,,False,Immediately,Brussels,Rue Léon Defosset,5.0,,
vbe35461,4.3766927,50.8235717,Rent,880,Appartment,FlatStudio,37194,1050,,Normal,,30.0,,0.0,1.0,True,,3.0,True,,Brussels,,,,
vbe35408,4.3402184,50.8301436,Rent,935,Appartment,Flat,39265,1060,,Excellent,,75.0,,1.0,1.0,True,,,,,Brussels,,,,
vbe35322,4.4291669,50.8490159,Rent,750,Appartment,FlatStudio,38611,1200,,Normal,,23.0,5772.0,1.0,,True,,,True,Immediately,Brussels,Chemin des Deux Maisons,8.0,,
vbe35349,4.3954899,50.8272953,Rent,1500,Appartment,Flat,39656,1040,,Normal,,106.0,,2.0,1.0,True,,,True,,Brussels,Chaussée de Wavre,902.0,,
vbe35333,4.351673,50.8524584,Rent,1900,Appartment,Flat,44165,1000,2007.0,Normal,,148.0,,3.0,1.0,True,,,False,,Brussels,Rue des Hirondelles,15.0,,
vbe35382,4.336441,50.8703247,Rent,890,Appartment,Flat,46605,1090,,Normal,,51.0,8231.0,1.0,1.0,True,,6.0,False,Immediately,Brussels,Rue Uyttenhove,33.0,,
vbe35302,4.37328,50.84785,Rent,2300,Appartment,Flat,40044,1000,,,,250.0,,3.0,1.0,True,,90.0,False,From 01/10/2026,Brussels,rue des deux églises,80.0,,
vbe35334,4.45960941,50.83006355,Rent,2250,Appartment,Flat,46469,1150,2005.0,,,154.0,,3.0,2.0,True,,19.0,False,Immediately,Brussels,Drève des Shetlands,12.0,,
vbe35318,4.3477447,50.8509268,Rent,1290,Appartment,Flat,37194,1000,,Excellent,,70.0,,1.0,1.0,False,,6.0,False,,Brussels,Place Sainte Catherine,9.0,,
vbe35303,4.3227894,50.8808582,Rent,2390,Appartment,Flat,40044,1090,,,,154.0,,3.0,2.0,True,,22.0,True,From 18/06/2026,Brussels,,,,
vbe35421,4.4007034,50.8306218,Rent,1300,Appartment,Flat,43157,1040,,Excellent,,65.0,,2.0,1.0,False,,,False,Immediately,Brussels,Rue de Tervaete,48.0,,
vbe35399,4.3381098,50.8046883,Rent,2750,House,House,46449,1180,,,185.0,237.0,,5.0,2.0,False,90.0,10.0,False,Immediately,Brussels,Rue Verhulst,38.0,1.0,
vbe35403,4.4119972,50.8476552,Rent,850,Appartment,FlatStudio,27612,1200,1960.0,Excellent,,40.0,,0.0,1.0,False,30.0,35.0,False,,Brussels,Avenue de Juillet,94.0,,
vbe35347,4.373398,50.85407455,Rent,950,Appartment,Flat,27443,1210,,Fully renovated,,50.0,,1.0,1.0,False,,2.0,False,Immediately,Brussels,Place François Bossuet,5.0,,
vbe35402,4.4278114,50.8448895,Rent,1275,Appartment,Flat,27612,1200,1991.0,Excellent,,90.0,,2.0,1.0,True,,3.0,True,,Brussels,Rue Solleveld,65.0,,
vbe35309,4.34033,50.81116,Rent,2950,House,House,33267,1180,,Normal,,234.0,,5.0,1.0,,82.0,,,Immediately,Brussels,AVENUE COGHEN,88.0,1.0,
vbe35350,4.3539328,50.847205,Rent,850,Appartment,FlatStudio,39656,1000,2018.0,Normal,,46.0,16178.0,1.0,,True,,,True,,Brussels,Rue Marché aux Peaux,4.0,,
vbe35305,4.31097405,50.87227955,Rent,1100,Appartment,Flat,40310,1083,1950.0,,,75.0,,2.0,,False,,,False,Immediately,Brussels,Avenue du Cimetière,12.0,,
vbe35384,4.4329851,50.8381484,Rent,1450,Appartment,Flat,29033,1150,1958.0,Excellent,,120.0,26265.0,3.0,1.0,True,,,False,,Brussels,,,,
vbe35405,4.4462031,50.8406251,Rent,1200,Appartment,Flat,38398,1200,2021.0,Normal,,81.0,4.0,1.0,1.0,True,20.0,14.0,False,,Brussels,Chaussée de Stockel,202.0,,
vbe35304,4.33699234,50.87623575,Rent,1100,Appartment,Flat,40310,1090,1930.0,,,55.0,,1.0,1.0,False,,9.0,False,Immediately,Brussels,Rue Amélie Gomand,47.0,,
vbe35269,4.3333333,50.8,Rent,950,Appartment,Flat,39602,1180,,,,50.0,,1.0,,,,4.0,,From 15/09/2026,Brussels,,,,
vbe35236,4.3666132,50.8589789,Rent,2100,Appartment,GroundFloor,46535,1030,,Normal,,172.0,,3.0,3.0,,250.0,,False,,Brussels,Rue Dupont,80.0,,
vbe35216,4.4155297,50.8419941,Rent,1650,Appartment,Flat,27466,1200,1960.0,Excellent,,148.0,35183.0,4.0,1.0,True,,,False,,Brussels,Avenue de Broqueville,127.0,1.0,False
vbe35243,4.3355368,50.8036332,Rent,775,Appartment,FlatStudio,40061,1180,,Excellent,,38.0,5837.0,0.0,1.0,True,,,False,,Brussels,Rue Xavier De Bue,16.0,,
vbe35197,4.39515,50.80075,Rent,2600,Appartment,Flat,43065,1000,,New,,140.0,,3.0,2.0,True,,,True,Immediately,Brussels,AVENUE DE L'URUGUAY,22.0,,
vbe35255,4.3515499,50.8427501,Rent,1290,Appartment,Flat,40044,1000,,,,57.0,,1.0,1.0,True,,5.0,True,From 07/08/2026,Brussels,,,,
vbe35267,4.3739413,50.8310693,Rent,1700,Appartment,Duplex,47577,1050,1970.0,Normal,,120.0,,1.0,1.0,False,60.0,,True,,Brussels,Rue Maria Malibran,75.0,,
rbw20677,4.3333333,50.8,Rent,3200,House,House,48985,1180,1986.0,Excellent,,227.0,,4.0,,,,95.0,,Immediately,Brussels,,,1.0,
vbe35294,4.354975,50.82682,Rent,1450,Appartment,Flat,38513,1060,2018.0,,,80.0,,2.0,1.0,True,,10.0,False,From 01/08/2026,Brussels,Chaussée de Charleroi,144.0,,
vbe35268,4.3354803,50.868767,Rent,820,Appartment,FlatStudio,40213,1090,2018.0,Excellent,,38.0,,,1.0,False,,,False,From 04/06/2026,Brussels,Avenue Charles Woeste,306.0,,
vbe35202,4.3701944,50.8410489,Rent,1600,Appartment,Flat,46472,1000,,,,,,,,,,,True,From 15/06/2026,Brussels,Rue Montoyer Brussels,,,False
vbe35201,4.3828192,50.8269188,Rent,950,Appartment,Flat,46472,1050,,,,,,,,,,,True,From 01/07/2026,Brussels,Avenue de la Couronne Elsene,,,False
vbe35194,4.36695,50.82907,Rent,3000,Appartment,Flat,43065,1050,,Normal,,239.0,,3.0,2.0,,,,True,From 31/07/2026,Brussels,RUE DE L'ERMITAGE,50.0,,
vbe35292,4.38807811,50.80491235,Rent,2200,House,MasterHouse,27880,1050,1931.0,Normal,,280.0,,3.0,1.0,False,50.0,,False,Immediately,Brussels,Avenue du Derby,19.0,1.0,
vbe35196,4.39515,50.80075,Rent,3500,Appartment,Penthouse,43065,1000,,New,,148.0,,3.0,2.0,True,,,,Immediately,Brussels,AVENUE DE L'URUGUAY,22.0,,
vbe35258,4.423892,50.842365,Rent,1120,Appartment,Flat,40044,1200,,,,50.0,,1.0,1.0,False,,,True,From 18/06/2026,Brussels,,,,
vbe35295,4.408969,50.82046,Rent,1010,Appartment,Flat,39695,1160,1988.0,,,52.0,,1.0,1.0,True,,,False,,Brussels,Square Jean-Baptiste De Greef,2.0,,
vbe35195,4.34206,50.79457,Rent,10000,House,House,43065,1180,,New,,732.0,,7.0,4.0,True,,,True,Immediately,Brussels,DIEWEG,60.0,2.0,
vbe35247,4.3908051,50.8368051,Rent,795,Appartment,FlatStudio,40849,1040,1930.0,Normal,,20.0,27462.0,1.0,1.0,False,,,True,Immediately,Brussels,Rue Doyen Boone,15.0,,
vbe35198,4.3766927,50.8235717,Rent,4000,Appartment,Penthouse,43065,1050,,New,,180.0,,3.0,3.0,True,,,,From 30/06/2026,Brussels,,,,
vbe35050,4.4017226,50.8382388,Rent,2300,Appartment,Flat,43157,1040,1913.0,Normal,,119.0,,2.0,2.0,True,,4.0,True,Immediately,Brussels,Avenue de Tervueren,57.0,,
vwd17835,4.3605105,50.8701325,Rent,1300,Appartment,Flat,0,1000,1900.0,Fully renovated,,80.0,,3.0,1.0,,,,,,Brussels,Rue du pont de l'Avenue,1.0,,
vbe35001,4.3511034,50.8137691,Rent,1100,Appartment,Flat,40457,1180,1950.0,Fully renovated,,65.0,36510.0,1.0,1.0,False,,,False,Immediately,Brussels,Rue Vanderkindere,211.0,,
vwd17830,4.4171248,50.8153595,Rent,2050,Appartment,Duplex,0,1160,2026.0,Excellent,,135.0,,3.0,2.0,,,1.0,,,Brussels,"Chaussée de Watermael,",97.0,,
vbe35107,4.3062305,50.8328315,Rent,700,Appartment,Flat,46472,1070,,,,,,,,,,,True,From 12/09/2026,Brussels,Rue de Veeweyde Anderlecht,,,False
vbe35131,4.3904061,50.832397,Rent,2250,Appartment,Duplex,44778,1040,,,,130.0,,2.0,2.0,,160.0,50.0,,,Brussels,Rue des Erables,17.0,,
vbe35009,4.3283292,50.8514015,Rent,1990,Appartment,Loft,39656,1080,1912.0,Excellent,,150.0,,1.0,1.0,True,,30.0,False,Immediately,Brussels,Rue Jean-Baptiste Decock,5.0,,
vbe35049,4.4116408,50.8361801,Rent,1700,Appartment,Flat,43157,1150,,Excellent,,96.0,14777.0,1.0,1.0,True,,,True,,Brussels,Avenue de Tervueren,227.0,,
vbe35008,4.3719467,50.8186367,Rent,2250,Appartment,Penthouse,39656,1050,1894.0,Excellent,,157.0,49994.0,2.0,1.0,False,,19.0,False,,Brussels,Rue de l'Aurore,56.0,,
vbe35125,4.36911,50.8486,Rent,1349,Appartment,GroundFloor,46612,1000,,Fully renovated,,31.0,,1.0,,,,,True,,Brussels,Boulevard du Régent,55.0,,
vbe34984,4.388426,50.80451,Rent,1750,Appartment,Flat,43099,1050,1940.0,Normal,,120.0,,2.0,1.0,True,,3.0,False,,Brussels,Avenue du Derby,31.0,1.0,
vbe35119,4.346871,50.854176,Rent,1848,Appartment,GroundFloor,46612,1000,,Fully renovated,,71.0,,1.0,,,,,True,,Brussels,"Quai à la Houille,",10.0,,
rbw20331,4.3945221,50.8088294,Rent,1820,Appartment,Flat,49251,1050,,,,70.0,,,,,,,,,Brussels,Avenue du Bois de la Cambre Elsene,,,False
vbe34967,4.388949,50.832177,Rent,2750,Appartment,Duplex,33267,1040,,Excellent,,150.0,,3.0,1.0,,,,,From 31/08/2026,Brussels,,,1.0,
vbe34973,4.3828192,50.8269188,Rent,800,Appartment,Flat,46472,1050,,,,,,,,,,,True,From 16/06/2026,Brussels,Avenue de la Couronne Elsene,,,False
vbe35089,4.3820734,50.820187,Rent,700,Appartment,Flat,44778,1050,,,,22.0,,,1.0,,,,,,Brussels,Chaussée de Boondael,256.0,,
vbe35088,4.3514295,50.848248,Rent,1700,Appartment,Duplex,44778,1000,,,,110.0,,3.0,2.0,,,,,From 01/09/2026,Brussels,Rue de Tabora,9.0,,
vbe35191,4.298998,50.8734516,Rent,1250,Appartment,Flat,47625,1083,1973.0,Normal,,109.0,146.0,2.0,1.0,True,,,False,,Brussels,Avenue des Neuf Provinces,1.0,,
vbe35030,4.3988044,50.8453842,Rent,1800,Appartment,Flat,43157,1030,,Excellent,,80.0,19914.0,2.0,1.0,True,,,False,,Brussels,Rue Frédéric Pelletier,8.0,,
vbe35024,4.3333333,50.8,Rent,1450,Appartment,Flat,39482,1180,,,,80.0,,2.0,1.0,,,5.0,,From 15/09/2026,Brussels,,,1.0,
vbe34839,4.3878356,50.8074461,Rent,1400,Appartment,Flat,39290,1050,,,,122.0,,2.0,1.0,,,3.0,,From 01/08/2026,Brussels,Avenue du Pesage,116.0,,
vbe34903,4.3766927,50.8235717,Rent,875,Appartment,Flat,39482,1050,,,,50.0,,1.0,,,,,,From 01/09/2026,Brussels,,,,
vbe34958,4.3302288,50.7919395,Rent,1525,Appartment,Flat,44746,1180,2017.0,Excellent,,90.0,,2.0,1.0,True,,15.0,,,Brussels,avenue Ilya Prigogine,8.0,,
vbe34902,4.3766927,50.8235717,Rent,900,Appartment,Flat,39482,1050,,,,50.0,,1.0,,,,,,From 01/09/2026,Brussels,,,,
vbe34841,4.423892,50.842365,Rent,950,Appartment,Flat,29033,1200,2007.0,Excellent,,60.0,,1.0,1.0,True,,4.0,False,,Brussels,,,,
vbe34892,4.3475063,50.8540873,Rent,1650,Appartment,Loft,47576,1000,,Normal,,203.0,40706.0,,1.0,True,,,False,,Brussels,Cité du Sureau,7.0,,
vbe34838,4.3833316,50.8308289,Rent,1300,Appartment,Duplex,46622,1040,1901.0,Normal,,74.0,,2.0,1.0,False,,,True,,Brussels,Rue Philippe Baucq,98.0,,
vbe34959,4.3880585,50.8350172,Rent,850,Appartment,FlatStudio,44746,1040,,Excellent,,40.0,,,1.0,,,,True,,Brussels,AVENUE D'AUDERGHEM,200.0,,
vbe34913,4.33731394,50.88305762,Rent,1350,Appartment,Flat,27812,1090,,,,122.0,,3.0,1.0,True,,13.0,False,,Brussels,Rue Duysburgh,31.0,1.0,
vbe34966,4.4329851,50.8381484,Rent,1550,Appartment,Flat,33267,1150,1960.0,Normal,,90.0,,2.0,1.0,True,,,True,From 30/06/2026,Brussels,,,,True
rbw19702,4.3333333,50.8,Rent,10000,House,Villa,49237,1180,1885.0,Excellent,8200.0,600.0,,8.0,5.0,False,8200.0,,,Immediately,Brussels,,,,
vbe34901,4.3766927,50.8235717,Rent,1050,Appartment,Flat,39482,1050,,,,60.0,,2.0,,,,,,From 01/09/2026,Brussels,,,,
vbe34893,4.3261228,50.8212026,Rent,1650,Appartment,Flat,47575,1190,1980.0,Normal,,94.0,23825.0,2.0,1.0,True,200.0,,True,,Brussels,Avenue Van Volxem,241.0,,True
rbw20294,4.3766927,50.8235717,Rent,5600,House,House,48985,1050,1910.0,Excellent,,573.0,,6.0,4.0,,,,,Negotiable,Brussels,,,1.0,
vbe34808,4.3333333,50.8,Rent,1500,Appartment,Flat,39905,1180,1950.0,Normal,,104.0,10851.0,2.0,1.0,True,,16.0,False,Immediately,Brussels,,,1.0,
vwd17828,4.3028734,50.8473786,Rent,790,Appartment,Flat,0,1070,,Normal,,75.0,,1.0,1.0,,,,,,Brussels,Chaussée de Ninove,539.0,,
vbe34936,4.302565,50.8585203,Rent,1000,Appartment,Flat,44165,1082,,Normal,,59.0,,1.0,1.0,False,,,,,Brussels,Avenue du Haut-Champ,10.0,,
vbe34965,4.3333333,50.8,Rent,1550,Appartment,Flat,33267,1180,1960.0,Excellent,,87.0,,1.0,1.0,True,100.0,12.0,,From 31/07/2026,Brussels,,,,
vbe34849,4.4329851,50.8381484,Rent,3800,Appartment,Penthouse,43157,1150,2014.0,Excellent,,265.0,31486.0,3.0,2.0,True,,89.0,False,,Brussels,,,1.0,
vbe34920,4.3766927,50.8235717,Rent,1150,Appartment,Flat,40044,1050,,,,65.0,,1.0,1.0,False,,,True,From 15/06/2026,Brussels,,,,
vbe34689,4.3515499,50.8427501,Rent,1450,Appartment,Flat,40044,1000,,,,52.0,,1.0,1.0,True,,6.0,True,From 15/06/2026,Brussels,,,,
vbe34619,4.3515499,50.8427501,Rent,1450,Appartment,Flat,40044,1000,,,,50.0,,1.0,1.0,True,,,True,From 15/06/2026,Brussels,,,,
vbe34634,4.3333333,50.8,Rent,1250,Appartment,Flat,44115,1180,,Excellent,,79.0,,2.0,1.0,True,,,False,Immediately,Brussels,,,,
rbw19632,4.3766927,50.8235717,Rent,1500,Appartment,FlatStudio,42515,1050,,Normal,,35.0,,1.0,1.0,,,,True,,Brussels,,,,
vbe34771,4.3786298,50.8147119,Rent,2100,Appartment,Penthouse,39656,1050,1992.0,Excellent,,130.0,23261.0,2.0,2.0,True,,20.0,True,Immediately,Brussels,Avenue des Courses,22.0,1.0,
vbe34574,4.3912919,50.801904,Rent,2350,Appartment,Flat,27880,1050,,Normal,,77.0,,2.0,1.0,True,,6.0,True,From 01/07/2026,Brussels,Avenue de la Forêt,1.0,,
vbe34593,4.3333333,50.8,Rent,3400,House,House,39905,1180,1930.0,Excellent,2000.0,251.0,66855.0,4.0,2.0,False,85.0,,False,Immediately,Brussels,,,1.0,
vbe34616,4.37727,50.86744,Rent,2000,Appartment,Duplex,33267,1030,1930.0,Excellent,,141.0,,2.0,1.0,,,35.0,,From 31/08/2026,Brussels,,,,
rbw19634,4.3766927,50.8235717,Rent,1800,Appartment,Flat,42515,1050,,Normal,,42.0,,1.0,1.0,,,,True,,Brussels,,,,
rbw19633,4.3766927,50.8235717,Rent,1800,Appartment,Flat,42515,1050,,Normal,,62.0,,1.0,1.0,,,,True,,Brussels,,,,
vbe34633,4.3675565,50.8503294,Rent,1200,Appartment,Flat,27214,1000,1876.0,Excellent,,60.0,11926.0,1.0,1.0,True,,,True,,Brussels,Rue des Cultes,26.0,,
rbw19636,4.3766927,50.8235717,Rent,1800,Appartment,Flat,42515,1050,,Normal,,89.0,,2.0,1.0,,,,True,,Brussels,,,,
vbe34577,4.4329851,50.8381484,Rent,5800,House,Villa,43157,1150,2017.0,New,1009.0,388.0,38834.0,5.0,4.0,False,900.0,25.0,False,,Brussels,,,2.0,
vbe34644,4.3476239,50.8485198,Rent,795,Appartment,FlatStudio,39656,1000,1994.0,Normal,,25.0,12463.0,0.0,1.0,False,,,True,,Brussels,Rue du Pont de la Carpe,14.0,,
vbe34772,4.3859935,50.8134575,Rent,1800,Appartment,Flat,39656,1050,1956.0,New,,107.0,30901.0,3.0,2.0,True,,10.0,False,,Brussels,Avenue Armand Huysmans,49.0,10.0,
vbe34696,4.3406892,50.8305148,Rent,1150,Appartment,Flat,38566,1060,1886.0,Fully renovated,,88.0,24679.0,1.0,1.0,False,,,False,Immediately,Brussels,Rue Vanderschrick,70.0,,True
vbe34617,4.3515499,50.8427501,Rent,1350,Appartment,Flat,33267,1000,1960.0,Normal,,89.0,,2.0,,True,,,,Immediately,Brussels,,,,
rbw19635,4.3766927,50.8235717,Rent,1500,Appartment,FlatStudio,42515,1050,,Normal,,27.0,,1.0,1.0,,,,True,,Brussels,,,,
vbe34690,4.3515499,50.8427501,Rent,1450,Appartment,Flat,40044,1000,,,,55.0,,1.0,1.0,True,,5.0,True,From 20/08/2026,Brussels,,,,
vbe34592,4.3333333,50.8,Rent,4000,House,House,39905,1180,1930.0,Fully renovated,228.0,261.0,21593.0,5.0,3.0,False,100.0,15.0,False,,Brussels,,,2.0,
vbe34434,4.4047,50.83826,Rent,3750,House,House,33267,1040,1910.0,Excellent,170.0,337.0,,5.0,2.0,,,30.0,,From 31/07/2026,Brussels,AVENUE DE TERVUEREN,98.0,,
vbe34498,4.4004721,50.850743,Rent,1450,Appartment,Flat,47379,1030,1900.0,Excellent,,96.0,,2.0,1.0,True,,3.0,,,Brussels,Avenue de l'Opale,123.0,,
vbe34411,4.3907113,50.8542435,Rent,1050,Appartment,Flat,29094,1030,,,,,,1.0,1.0,,,,,,Brussels,Rue Auguste Lambiotte,119.0,,
vbe34443,4.3692915,50.8350429,Rent,1085,Appartment,Flat,46472,1050,,,,,,,,,,,True,From 01/09/2026,Brussels,Rue Georges Lorand Elsene,,,False
vbe34341,4.360631,50.8244491,Rent,1500,Appartment,Flat,40457,1050,,Normal,,70.0,,1.0,1.0,False,,,True,Immediately,Brussels,Place du Châtelain,35.0,,
vbe34413,4.3552562,50.8447928,Rent,1250,Appartment,Flat,40380,1000,,,,90.0,,1.0,1.0,True,,,,,Brussels,Rue de la Madeleine,57.0,,
vbe34549,4.330334,50.859029,Rent,1250,Appartment,Flat,40044,1081,,Normal,,79.0,,2.0,1.0,False,,,False,From 20/07/2026,Brussels,,,,
vbe34515,4.4273205,50.8110035,Rent,1150,Appartment,Flat,38398,1160,,Normal,,69.0,12.0,1.0,1.0,True,,,False,,Brussels,Boulevard du Souverain,146.0,,
vbe34555,4.3922809,50.8486064,Rent,1200,Appartment,Flat,47446,1030,,Excellent,,55.0,,1.0,1.0,,,,True,,Brussels,Rue Rasson,43.0,,
vwd17817,4.3614414,50.8662031,Rent,1000,Appartment,Flat,0,1030,1948.0,Normal,,85.0,,2.0,1.0,,,,,,Brussels,Rue gaucheret,151.0,,
vbe34573,4.3870371,50.8081352,Rent,1850,Appartment,Flat,27880,1050,,Normal,,140.0,,2.0,1.0,True,,8.0,False,Immediately,Brussels,Avenue du Pesage,79.0,,
vbe34548,4.3515499,50.8427501,Rent,1650,Appartment,Flat,40044,1000,1915.0,,,78.0,,2.0,1.0,True,,,True,From 19/06/2026,Brussels,,,,
vbe34433,4.39122,50.79791,Rent,1650,Appartment,Flat,33267,1180,1979.0,Excellent,,106.0,,2.0,2.0,True,,40.0,,Immediately,Brussels,AVENUE DE LA COLOMBIE,12.0,,
vbe34527,4.3623051,50.8257621,Rent,2350,Appartment,Flat,37194,1050,1898.0,Excellent,,146.0,,3.0,1.0,False,,25.0,False,,Brussels,Rue du Chatelain,37.0,,
vbe34472,4.3333333,50.8,Rent,3500,Appartment,Flat,39905,1180,1946.0,Excellent,,295.0,64908.0,4.0,2.0,True,,10.0,False,,Brussels,,,,
vbe34389,4.33125015,50.86537365,Rent,1650,Appartment,Flat,40282,1081,,Normal,,77.0,,3.0,2.0,False,,2.0,True,Immediately,Brussels,Rue des Archers,45.0,,
vbe34544,4.3166667,50.8,Rent,1250,Appartment,Flat,39482,1190,,,,80.0,,2.0,1.0,,,,,From 01/05/2026,Brussels,,,,
vbe34404,4.39739392,50.8681025,Rent,1100,Appartment,Flat,27443,1140,,Normal,,68.0,,1.0,1.0,False,35.0,,False,Immediately,Brussels,Rue Auguste De Boeck,22.0,,
vbe34343,4.4149941,50.8419251,Rent,770,Appartment,FlatStudio,44711,1200,,,,30.0,56803.0,1.0,1.0,False,80.0,4.0,True,,Brussels,Avenue Victor Gilsoul,96.0,,
vbe34274,4.34811,50.87551,Rent,1300,Appartment,Flat,38566,1020,,Excellent,,113.0,,2.0,2.0,False,,,False,Immediately,Brussels,,,,
vbe34293,4.3838093,50.879557,Rent,2200,Appartment,Duplex,44165,1030,2025.0,New,,132.0,,3.0,1.0,True,18.0,,False,,Brussels,Avenue Georges Rodenbach,61.0,,
vbe34313,4.4278114,50.8448895,Rent,1375,Appartment,GroundFloor,27612,1200,1991.0,Excellent,,81.0,,2.0,1.0,False,,58.0,True,,Brussels,Rue Solleveld,65.0,,
vbe34295,4.3841061,50.8791901,Rent,1400,Appartment,GroundFloor,44165,1030,2025.0,,,81.0,,2.0,,True,18.0,,False,Immediately,Brussels,Rue Auguste Snieders,23.0,,
vbe34230,4.3402184,50.8301436,Rent,2100,Appartment,Flat,39602,1060,,,,177.0,,3.0,,,,5.0,,From 01/07/2026,Brussels,,,1.0,
vbe34340,4.3637756,50.8219896,Rent,1250,Appartment,Flat,40457,1050,,Fully renovated,,65.0,,1.0,1.0,True,,7.0,True,Immediately,Brussels,Place Albert Leemans,14.0,,
vbe34270,4.3008967,50.8740942,Rent,3300,House,House,47606,1083,2001.0,New,245.0,225.0,150.0,4.0,2.0,False,20.0,12.0,True,Immediately,Brussels,Venelle Vivaldi,20.0,1.0,
vbe34304,4.317054,50.8001236,Rent,1100,Appartment,Duplex,46669,1190,1940.0,Normal,,90.0,,2.0,1.0,False,,,False,Immediately,Brussels,Chaussée de Ruisbroek,7.0,,
rbw19209,4.3333333,50.8,Rent,3000,House,House,49237,1180,2021.0,Excellent,,262.0,72.0,5.0,3.0,False,80.0,15.0,False,Immediately,Brussels,,,,
vbe34250,4.3859443,50.8151995,Rent,1470,Appartment,GroundFloor,44165,1050,1957.0,Normal,,88.0,,2.0,1.0,True,66.0,,False,,Brussels,Square des Latins,26.0,1.0,
vbe34255,4.3688597,50.8103675,Rent,650,Appartment,Flat,27452,1180,,,,25.0,,,,,,,,From 01/08/2026,Brussels,chaussée de Waterloo,825.0,,
vbe34314,4.3825991,50.8934816,Rent,1000,Appartment,Flat,38398,1120,,Normal,,65.0,22157.0,1.0,1.0,True,,,False,Immediately,Brussels,Rue de Heembeek,250.0,,
vbe34254,4.4315109,50.849491,Rent,1200,Appartment,Flat,27452,1200,,,,70.0,,2.0,1.0,,,,,From 15/09/2026,Brussels,rue Théodore De Cuyper,9.0,,
vbe34294,4.3839305,50.8795423,Rent,950,Appartment,FlatStudio,44165,1030,2025.0,New,,45.0,,0.0,,True,,7.0,False,,Brussels,Avenue Georges Rodenbach,65.0,,
vbe34251,4.3838093,50.879557,Rent,1995,House,House,44165,1030,2025.0,New,94.0,130.0,,3.0,1.0,False,,12.0,False,,Brussels,Avenue Georges Rodenbach,61.0,,
vbe34323,4.39883638,50.8770805,Rent,1400,Appartment,Flat,39815,1140,,Normal,,65.0,,1.0,1.0,False,,2.0,True,Immediately,Brussels,Rue François Van Assche,16.0,,
vbe34316,4.423892,50.842365,Rent,1650,Appartment,Flat,43157,1200,2014.0,New,,107.0,6941.0,2.0,1.0,True,,,False,,Brussels,,,,
vbe34273,4.3478556,50.8378171,Rent,975,Appartment,Triplex,42991,1000,,,,85.0,,2.0,1.0,False,40.0,,False,Immediately,Brussels,Rue des Capucins,35.0,,
rbw19183,4.40046,50.83114,Rent,1075,Appartment,Flat,31323,1040,,Normal,,80.0,,2.0,1.0,False,,,False,Immediately,Brussels,Pervijzestraat,44.0,,
vbe34321,4.3333333,50.8,Rent,1900,Appartment,Flat,39905,1180,2025.0,New,,98.0,3450.0,2.0,1.0,True,,8.0,False,Immediately,Brussels,,,1.0,
vbe34007,4.3515499,50.8427501,Rent,920,Appartment,FlatStudio,29033,1000,,Normal,,31.0,,0.0,1.0,False,,,True,,Brussels,,,,
vbe33992,4.3515499,50.8427501,Rent,1230,Appartment,Flat,40044,1000,,,,55.0,,1.0,,False,,35.0,True,From 01/08/2026,Brussels,,,,
vbe34061,4.3402184,50.8301436,Rent,3700,Appartment,Penthouse,33267,1060,,Normal,,180.0,,3.0,1.0,True,,50.0,,From 31/07/2026,Brussels,,,,
vbe34028,4.3957496,50.850143,Rent,3500,House,House,43157,1030,,Fully renovated,,204.0,,5.0,2.0,False,,,False,Immediately,Brussels,Avenue Eugène Plasky,70.0,,
vbe33982,4.3766927,50.8235717,Rent,1050,Appartment,Flat,38513,1050,1935.0,Normal,,55.0,,1.0,,True,,,False,From 01/09/2026,Brussels,,,,
vbe33981,4.3914731,50.8192045,Rent,1390,Appartment,Flat,38513,1050,,,,90.0,,2.0,1.0,False,,,False,From 01/09/2026,Brussels,Avenue de la Couronne,321.0,,
rwc42771,4.401574,50.8495463,Rent,6787,Appartment,Flat,48967,1030,,Excellent,,100.0,,3.0,2.0,True,,,,From 13/06/2026,Brussels,Boulevard Auguste Reyers,137.0,,
vwd17802,4.4097522,50.8183831,Rent,1700,Appartment,Flat,0,1160,1972.0,Fully renovated,,92.0,,2.0,1.0,,,8.0,,,Brussels,Boulevard des Invalides,188.0,,
vbe33960,4.3432713,50.8651028,Rent,1695,Appartment,Flat,46605,1000,2024.0,New,,125.0,,3.0,2.0,True,,5.0,False,,Brussels,Drève du Parc,26.0,,
rbw19064,4.4057296,50.8349827,Rent,2600,Appartment,Duplex,49236,1040,,Excellent,,169.0,150.0,3.0,2.0,False,,,False,,Brussels,Boulevard Saint-Michel,41.0,1.0,
vbe34045,4.3644496,50.8483286,Rent,1150,Appartment,Flat,43099,1000,,Normal,,75.0,,1.0,1.0,False,,,False,,Brussels,Rue de l'Enseignement,33.0,,
vbe33959,4.3432713,50.8651028,Rent,1695,Appartment,Flat,46605,1080,2024.0,New,,125.0,,3.0,2.0,True,,5.0,False,,Brussels,Drève du Parc,26.0,,
vbe33999,4.3766927,50.8235717,Rent,1600,Appartment,Flat,40044,1050,1985.0,,,70.0,,1.0,1.0,False,,,False,,Brussels,,,,
vbe34055,4.397362,50.84505885,Rent,950,Appartment,Flat,43710,1030,,Normal,,65.0,,1.0,1.0,False,,,False,Immediately,Brussels,Rue Victor Lefèvre,41.0,1.0,
rwc42777,4.3751308,50.8696977,Rent,2186,Appartment,Flat,48967,1030,,Excellent,,40.0,,1.0,1.0,True,,,True,From 04/07/2026,Brussels,Avenue Maréchal Foch,60.0,,
vbe34228,4.3766927,50.8235717,Rent,3300,Appartment,Flat,39602,1050,,,,250.0,,3.0,3.0,,,50.0,,,Brussels,,,,
vbe34084,4.388949,50.832177,Rent,1040,Appartment,Flat,46605,1040,1920.0,Normal,,77.0,22992.0,2.0,1.0,False,,2.0,False,,Brussels,,,,
rwc42778,4.3435399,50.8760852,Rent,1600,Appartment,Duplex,0,1020,,Fully renovated,,120.0,,2.0,2.0,,,,,,Brussels,Louis Wittouckstraat Laken,,,
vbe34225,4.3672239,50.8227567,Rent,925,Appartment,FlatStudio,38398,1000,1976.0,Normal,,33.0,4795.0,0.0,1.0,True,,,True,,Brussels,Chaussee de Vleurgat,154.0,,
vbe34059,4.423892,50.842365,Rent,1350,Appartment,Flat,33267,1200,2019.0,Excellent,,65.0,,1.0,,True,,5.0,,From 31/08/2026,Brussels,,,,
vbe33811,4.3766927,50.8235717,Rent,895,Appartment,Flat,38128,1050,,,,47.0,,,1.0,,,1.0,,From 05/06/2026,Brussels,,,,
vbe33863,4.40875,50.82894,Rent,1400,Appartment,Flat,33267,1150,1949.0,Normal,,95.0,,2.0,1.0,True,,,,Immediately,Brussels,AVENUE DES VOLONTAIRES,235.0,,
rbw18508,4.308187,50.8365808,Rent,1275,Appartment,Flat,40123,1070,2020.0,New,,80.0,,2.0,1.0,True,,11.0,False,Immediately,Brussels,,,1.0,
vbe33864,4.41761,50.84424,Rent,3000,House,House,33267,1200,1930.0,New,,165.0,,6.0,3.0,,,,,Immediately,Brussels,AVENUE DU ROI CHEVALIER,45.0,,
vbe33930,4.4408888,50.8515792,Rent,930,Appartment,FlatStudio,27466,1200,2026.0,New,,38.0,4246.0,0.0,1.0,True,,,False,Immediately,Brussels,Rue Neerveld,101.0,,
vbe33860,4.39515,50.80075,Rent,2950,Appartment,Flat,43065,1000,,New,,140.0,,3.0,2.0,True,,,True,Immediately,Brussels,AVENUE DE L'URUGUAY,22.0,,
vbe33889,4.4422023,50.8528019,Rent,1080,Appartment,Flat,46472,1200,,,,,,1.0,,,,,True,From 14/07/2026,Brussels,Rue Neerveld Sint-Lambrechts-Woluwe,,,
vbe33859,4.39515,50.80075,Rent,2950,Appartment,Flat,43065,1000,,New,,140.0,,3.0,2.0,True,,,True,Immediately,Brussels,AVENUE DE L'URUGUAY,22.0,,
vbe33903,4.3541955,50.8307315,Rent,1550,Appartment,Flat,46472,1060,,,,,,,,,,,True,From 18/07/2026,Brussels,Rue de la Source Sint-Gillis,,,False
vbe33907,4.3515661,50.8272402,Rent,1800,House,House,46472,1060,,,130.0,,,,,,,,True,From 03/07/2026,Brussels,Rue du Mont-Blanc Sint-Gillis,,,False
vbe33855,4.3557,50.83514,Rent,3300,Appartment,Flat,43065,1050,,Excellent,,135.0,,3.0,2.0,True,,,True,From 31/07/2026,Brussels,AVENUE LOUISE Elsene,,,
vbe33820,4.3476022,50.8081758,Rent,2200,Appartment,Flat,40380,1180,,,,,,3.0,2.0,True,,,,,Brussels,Avenue Bourgmestre Jean Herinckx,14.0,,
vbe33945,4.4013047,50.8764619,Rent,900,Appartment,Flat,33417,1140,,Normal,,80.0,,1.0,1.0,False,,6.0,False,Immediately,Brussels,Rue Lodewijk Van Boeckel,47.0,,
vwd17782,4.3541501,50.8331252,Rent,1100,Appartment,Flat,0,1060,,Fully renovated,,40.0,,1.0,1.0,,,20.0,,Immediately,Brussels,Rue de Suisse,4.0,,
vbe33919,4.4119861,50.8225482,Rent,1350,Appartment,Flat,40963,1150,1977.0,Normal,,110.0,,,,True,,6.0,,,Brussels,Avenue du Chant d'Oiseau,124.0,1.0,
vbe33956,4.3928653,50.8092922,Rent,1275,Appartment,Flat,44165,1050,1974.0,Fully renovated,,82.0,,2.0,1.0,True,,,False,Immediately,Brussels,Square de Boondael,1.0,,
vbe33947,4.3850119,50.8143796,Rent,1500,Appartment,Flat,48204,1050,2025.0,Excellent,,65.0,,1.0,1.0,True,,,False,Immediately,Brussels,Avenue Armand Huysmans,25.0,,
vbe33774,4.3766927,50.8235717,Rent,2300,Appartment,Duplex,37194,1050,1926.0,Excellent,,128.0,,2.0,2.0,False,,15.0,False,,Brussels,,,,
vbe33943,4.3862046,50.8449174,Rent,1800,Appartment,Flat,47446,1000,,Excellent,,83.0,,2.0,2.0,True,,,True,,Brussels,Avenue Michel-Ange,54.0,,
vbe33747,4.423892,50.842365,Rent,1450,Appartment,Flat,43157,1200,,Excellent,,75.0,21460.0,1.0,1.0,False,,,True,Immediately,Brussels,,,,
vbe33762,4.3766927,50.8235717,Rent,1750,Appartment,GroundFloor,39905,1050,1930.0,Excellent,,92.0,31587.0,1.0,1.0,False,30.0,11.0,True,Immediately,Brussels,,,,
vbe33716,4.345665,50.8439478,Rent,975,Appartment,Flat,46605,1000,,Normal,,89.0,23939.0,2.0,1.0,True,,3.0,False,,Brussels,Rue Philippe de Champagne,3.0,,
vbe33703,4.3522317,50.8482172,Rent,725,Appartment,Loft,28997,1000,1890.0,Normal,,57.0,15979.0,1.0,1.0,False,,,False,Immediately,Brussels,Rue du Marché aux Herbes,14.0,,
vbe33676,4.3728279,50.8369218,Rent,1750,Appartment,Flat,40226,1050,,Excellent,,95.0,,2.0,2.0,True,,,True,,Brussels,Godecharlestraat,10.0,,
vbe33717,4.3458071,50.8438742,Rent,1190,Appartment,Flat,46605,1000,,Excellent,,94.0,,2.0,1.0,True,,,False,,Brussels,Rue Philippe de Champagne,5.0,,
vbe33671,4.34811,50.87551,Rent,1450,Appartment,Flat,40044,1020,,,,92.0,,2.0,1.0,True,60.0,8.0,False,From 12/06/2026,Brussels,,,,
vbe33751,4.3713675,50.7955571,Rent,1500,Appartment,Flat,46269,1180,2008.0,Normal,,115.0,,3.0,2.0,True,,5.0,False,,Brussels,Avenue de Beloeil,2.0,,
vbe33746,4.4587036,50.8295032,Rent,1700,Appartment,Flat,43157,1150,2007.0,Excellent,,115.0,11363.0,2.0,1.0,True,,10.0,False,,Brussels,Dreve des Shetlands,2.0,1.0,
vbe33761,4.3402184,50.8301436,Rent,1750,Appartment,GroundFloor,39905,1060,1930.0,Excellent,,92.0,31587.0,1.0,1.0,False,30.0,11.0,True,Immediately,Brussels,,,,
rwc42764,4.3615369,50.8314219,Rent,580,Appartment,FlatStudio,49326,1050,,,,300.0,,9.0,7.0,,,,True,Immediately,Brussels,Jean d'Ardenne,72.0,,
rwc42761,4.3615369,50.8314219,Rent,630,House,House,49326,1050,,,,300.0,,9.0,,,,,True,Immediately,Brussels,Jean d'Ardenne,72.0,,
vbe33669,4.3515499,50.8427501,Rent,1400,Appartment,Flat,40044,1000,,,,68.0,,1.0,1.0,False,,,True,From 01/08/2026,Brussels,,,,
vbe33693,4.4594705,50.8341119,Rent,5800,House,Villa,27466,1150,2017.0,Excellent,1050.0,370.0,38834.0,5.0,4.0,False,400.0,25.0,False,,Brussels,Avenue des Mille Mètres,26.0,1.0,
rwc42763,4.3615369,50.8314219,Rent,670,House,House,49326,1050,,,,300.0,,9.0,,,,,True,Negotiable,Brussels,Jean d'Ardenne,72.0,,
vbe33704,4.3515727,50.8391231,Rent,850,Appartment,Duplex,28997,1000,1930.0,Excellent,,40.0,12636.0,1.0,1.0,False,,10.0,,,Brussels,Rue Christine,15.0,,
vbe33742,4.42048,50.849602,Rent,2000,Appartment,Penthouse,27612,1200,2005.0,Excellent,,134.0,20914.0,3.0,2.0,True,,46.0,False,,Brussels,Chaussée de Roodebeek,359.0,,
vbe33672,4.3704657,50.8537715,Rent,1275,Appartment,Flat,40044,1210,2012.0,,,89.0,,2.0,1.0,True,,,False,From 11/08/2026,Brussels,,,,
vbe33745,4.4316487,50.8512353,Rent,1650,Appartment,Flat,43157,1200,2008.0,Excellent,,85.0,,2.0,2.0,True,,12.0,False,,Brussels,Avenue de la Nielle,33.0,,
vbe33666,4.37727,50.86744,Rent,1190,Appartment,Flat,40044,1030,2017.0,,,64.0,,1.0,,True,,,False,From 16/07/2026,Brussels,,,,
vbe33536,4.3277475,50.8186518,Rent,1000,Appartment,Flat,40081,1190,,Normal,,61.0,,1.0,1.0,True,,3.0,,Immediately,Brussels,Rue Béranger,10.0,,
vbe33504,4.42857,50.83682,Rent,2900,House,House,33267,1150,,Excellent,103.0,170.0,,4.0,2.0,,15.0,15.0,,From 31/07/2026,Brussels,AVENUE CHARLES THIELEMANS,64.0,,
vbe33543,4.368031,50.8373905,Rent,2200,Appartment,Duplex,37194,1050,,New,,,,2.0,1.0,False,,,True,Immediately,Brussels,Rue Major René Dubreucq,36.0,,
vbe33625,4.3766927,50.8235717,Rent,2950,Appartment,Flat,27209,1050,1991.0,Excellent,,170.0,19370.0,3.0,2.0,True,,,False,Immediately,Brussels,,,1.0,
vbe33601,4.3766927,50.8235717,Rent,3850,House,MasterHouse,39905,1050,1910.0,Excellent,155.0,345.0,86360.0,5.0,3.0,False,70.0,18.0,False,,Brussels,,,1.0,
vbe33642,4.3696224,50.8942012,Rent,1200,Appartment,Flat,27760,1120,,Fully renovated,,82.0,17237.0,2.0,1.0,False,,2.0,False,Immediately,Brussels,Avenue des Pagodes,185.0,,
vbe33501,4.37727,50.86744,Rent,1350,Appartment,Flat,33267,1030,2012.0,Normal,,91.0,,2.0,,True,,,,From 31/05/2026,Brussels,,,,True
vbe33503,4.34141,50.79745,Rent,2850,House,House,33267,1180,,Normal,,208.0,,4.0,1.0,,,,,From 16/08/2026,Brussels,RUE HENRI VAN ZUYLEN,88.0,1.0,
vbe33562,4.4022418,50.8346168,Rent,3650,House,MasterHouse,45996,1040,1930.0,Excellent,120.0,332.0,86855.0,4.0,3.0,False,,25.0,False,,Brussels,avenue Charles Legrelle,3.0,,
vbe33641,4.4247647,50.843822,Rent,1450,Appartment,Flat,43157,1200,1953.0,Fully renovated,,115.0,378.0,2.0,1.0,True,,,,Immediately,Brussels,Avenue Paul Hymans,19.0,1.0,
vbe33500,4.414715,50.800919,Rent,2800,House,House,33267,1170,,Normal,250.0,220.0,,5.0,2.0,,100.0,20.0,,From 30/09/2026,Brussels,,,1.0,
vbe33590,4.4625702,50.8235373,Rent,1690,House,House,27612,1150,1950.0,Excellent,220.0,105.0,,2.0,1.0,False,130.0,11.0,False,,Brussels,René Devillersstraat,28.0,,
vbe33653,4.3766927,50.8235717,Rent,3300,Appartment,Flat,39602,1050,,,,250.0,,3.0,3.0,,,50.0,,,Brussels,,,,
vbe33532,4.3894532,50.8652607,Rent,1100,Appartment,Flat,27466,1030,1970.0,Normal,,93.0,60311.0,2.0,1.0,True,,2.0,False,,Brussels,Avenue Gustave Latinis,62.0,,True
vbe33563,4.3333333,50.8,Rent,4800,House,MasterHouse,27209,1180,1945.0,Excellent,260.0,525.0,,5.0,4.0,False,130.0,28.0,False,,Brussels,,,1.0,
vbe33544,4.3515499,50.8427501,Rent,1220,Appartment,FlatStudio,37194,1000,1900.0,Normal,,,,0.0,1.0,False,,,True,,Brussels,,,,
vbe33498,4.3333333,50.8,Rent,1500,Appartment,Flat,33267,1180,2019.0,Excellent,,90.0,,2.0,1.0,True,,8.0,,From 31/05/2026,Brussels,,,,
vbe33649,4.3717977,50.8303785,Rent,815,Appartment,FlatStudio,40389,1050,,Excellent,,45.0,,0.0,1.0,False,,,False,,Brussels,Rue du Couloir,43.0,,
vbe33565,4.3727024,50.7868691,Rent,3100,Appartment,Duplex,40226,1180,,Excellent,,275.0,,5.0,3.0,False,,40.0,False,,Brussels,Avenue Fond'Roy,43.0,,
vbe33552,4.38891661,50.84988495,Rent,1100,Appartment,Flat,27443,1030,,Normal,,85.0,,2.0,1.0,False,,,False,,Brussels,Rue du Noyer,102.0,,
vbe33473,4.3550895,50.8442607,Rent,2050,Appartment,Flat,37194,1000,,Excellent,,98.0,,2.0,1.0,True,,14.0,False,,Brussels,Saint Jean,4.0,,
vbe33453,4.4018712,50.829393,Rent,1150,Appartment,Flat,27466,1040,1970.0,Excellent,,96.0,21267.0,2.0,1.0,True,,,False,,Brussels,Boulevard Louis Schmidt,52.0,,
vbe33470,4.3689859,50.8217364,Rent,1520,Appartment,Flat,38609,1000,,Normal,,105.0,15244.0,2.0,2.0,True,,,False,,Brussels,Avenue Louise,347.0,,
vbe33432,4.3753945,50.8938958,Rent,1250,Appartment,Flat,44244,1120,2016.0,Normal,,77.0,3231.0,2.0,1.0,True,,5.0,,Immediately,Brussels,Avenue du Roi Albert,89.0,,
vwd17774,4.4335077,50.803942,Rent,1500,Appartment,Flat,0,1160,1970.0,Excellent,,85.0,,2.0,1.0,,,28.0,,,Brussels,Jean Van Horenbeeck,258.0,,
vbe33481,4.3480836,50.857828,Rent,1350,Appartment,Flat,44165,1000,1925.0,Normal,,108.0,,2.0,1.0,True,,,True,,Brussels,Boulevard de Dixmude,40.0,,
vbe33434,4.3442081,50.8447286,Rent,1400,Appartment,Flat,27497,1000,,Excellent,,70.0,,2.0,1.0,False,,,True,,Brussels,Rue de Soignies,28.0,,
vbe33433,4.3442081,50.8447286,Rent,1150,Appartment,Flat,27497,1000,,Excellent,,60.0,,2.0,1.0,False,,,True,,Brussels,Rue de Soignies,28.0,,
rbw18020,4.3818112,50.8373056,Rent,1950,Appartment,Flat,49236,1040,1947.0,Excellent,,160.0,201.0,3.0,2.0,False,,,False,,Brussels,Place Jourdan,19.0,,
vbe33455,4.3766927,50.8235717,Rent,2500,House,House,43157,1050,,Excellent,180.0,140.0,24676.0,3.0,2.0,False,60.0,15.0,False,,Brussels,,,,
rwc42757,4.351054,50.8183257,Rent,1098,Appartment,Flat,0,1190,,Normal,,75.0,,1.0,1.0,,25.0,,,,Brussels,Avenue Brugmann,106.0,,
vbe33477,4.3402184,50.8301436,Rent,3700,Appartment,Penthouse,43099,1060,,Normal,,180.0,,3.0,2.0,True,,50.0,False,,Brussels,,,1.0,
vbe33374,4.3333333,50.8,Rent,3150,House,House,39905,1180,1951.0,Excellent,613.0,239.0,62951.0,4.0,3.0,False,100.0,23.0,False,Immediately,Brussels,,,1.0,
rbw17998,4.4422023,50.8528019,Rent,1195,Appartment,Flat,49251,1200,,,,21.0,,,,,,,,,Brussels,Rue Neerveld Sint-Lambrechts-Woluwe,,,False
vbe33354,4.3553853,50.8547016,Rent,1100,Appartment,Flat,46472,1000,,,,,,,,,,,False,From 01/07/2026,Brussels,Rue Saint-Pierre Brussels,,,False
vbe33435,4.3696391,50.8278823,Rent,1650,Appartment,Duplex,27497,1050,,Excellent,,80.0,,2.0,1.0,False,,,True,,Brussels,rue Lesbroussart,31.0,,
vbe33362,4.3915618,50.8633361,Rent,1500,Appartment,Flat,33242,1030,1970.0,Excellent,,116.0,17566.0,3.0,1.0,True,,5.0,False,,Brussels,Avenue Gustave Latinis,114.0,,
vbe33426,4.3956,50.87364,Rent,1300,Appartment,Flat,40956,1140,,Normal,,101.0,,3.0,1.0,False,,6.0,False,From 15/07/2026,Brussels,Rue Willebrord van Perck,74.0,,False
vbe33446,4.425082,50.817175,Rent,1650,Appartment,Flat,38566,1160,1958.0,Excellent,,155.0,23525.0,2.0,1.0,True,,,False,,Brussels,,,1.0,True
vbe33381,4.3686609,50.8420503,Rent,1590,Appartment,Flat,39656,1000,1900.0,Fully renovated,,95.0,53.0,2.0,1.0,False,,,False,Immediately,Brussels,Rue du Commerce,57.0,,
vbe33277,4.3887591,50.8349925,Rent,1250,Appartment,Flat,44746,1040,,,,110.0,,2.0,,,,,,,Brussels,Baron Lambert,37.0,,
vbe33079,4.425082,50.817175,Rent,2600,Appartment,Penthouse,38566,1160,1994.0,Excellent,,244.0,35355.0,4.0,3.0,True,,13.0,False,Immediately,Brussels,,,1.0,True
vbe33159,4.3738632,50.855841,Rent,2250,Appartment,Flat,27214,1210,1903.0,Excellent,,130.0,,3.0,1.0,False,,,True,,Brussels,Rue Potagère,150.0,,
vbe33230,4.3766927,50.8235717,Rent,1750,Appartment,Duplex,39905,1050,1960.0,Excellent,,80.0,16329.0,2.0,1.0,False,,15.0,False,,Brussels,,,,
vbe33341,4.3794515,50.8484678,Rent,1350,Appartment,Flat,46472,1000,,,,,,,,,,,True,From 15/06/2026,Brussels,Rue des Eburons Brussels,,,False
vbe33073,4.352368,50.8405209,Rent,2800,House,House,38398,1000,,Fully renovated,,195.0,72714.0,4.0,2.0,False,,15.0,False,,Brussels,Rue des Chandeliers,18.0,,
vbe33158,4.3738632,50.855841,Rent,2250,Appartment,Flat,27214,1000,1903.0,Excellent,,130.0,,3.0,1.0,False,,,True,,Brussels,Rue Potagère,150.0,,
vbe33217,4.4105901,50.8413199,Rent,1750,Appartment,Flat,43157,1200,2023.0,New,,103.0,,2.0,1.0,False,,3.0,False,,Brussels,Avenue du Castel,64.0,,
vbe33074,4.3558039,50.8347235,Rent,1600,Appartment,Flat,38398,1060,,Normal,,88.0,16.0,2.0,1.0,True,,,True,Immediately,Brussels,Rue Jourdan,2.0,,
vbe33086,4.3766927,50.8235717,Rent,2300,Appartment,Flat,43157,1050,1990.0,Normal,,100.0,25946.0,3.0,2.0,True,,,True,,Brussels,,,,
vbe33210,4.36996222,50.82631797,Rent,1300,Appartment,Flat,38513,1050,1950.0,Normal,,73.0,,1.0,1.0,True,,8.0,False,Immediately,Brussels,Chaussée de Vleurgat,51.0,1.0,
vbe33099,4.32318,50.868833,Rent,895,Appartment,Flat,27484,1090,,Normal,,47.0,10695.0,1.0,1.0,False,,,True,,Brussels,Avenue de la Constitution,98.0,,
vbe33181,4.3722797,50.8468487,Rent,1850,Appartment,Flat,40457,1000,,Normal,,100.0,12009.0,2.0,2.0,False,,,False,,Brussels,Rue Marie-Thérèse,27.0,,
vbe33082,4.4366104,50.8163669,Rent,1550,Appartment,Triplex,27466,1160,2019.0,New,,95.0,3902.0,2.0,2.0,False,,,False,,Brussels,Avenue Walckiers,95.0,,
vbe33075,4.3558039,50.8347235,Rent,1600,Appartment,Flat,38398,1060,,Normal,,88.0,16.0,2.0,1.0,True,,,False,Immediately,Brussels,Rue Jourdan,2.0,,
vbe33219,4.3606821,50.8228495,Rent,1290,Appartment,Flat,43157,1050,,Normal,,48.0,9335.0,1.0,1.0,False,,,True,,Brussels,Rue Américaine,124.0,,
vbe33212,4.398622,50.8528557,Rent,1950,Appartment,Flat,38398,1030,,Excellent,,114.0,14322.0,2.0,1.0,True,,,True,,Brussels,Avenue de l'Emeraude,60.0,,
vbe33229,4.3333333,50.8,Rent,2500,Appartment,Flat,39905,1180,1960.0,Excellent,,101.0,13951.0,2.0,2.0,True,,,True,,Brussels,,,,
vbe33084,4.3981716,50.8165562,Rent,995,Appartment,FlatStudio,43157,1160,2022.0,Excellent,,49.0,,0.0,1.0,True,,8.0,True,,Brussels,Boulevard du Triomphe,211.0,,
vbe33085,4.3630901,50.8325302,Rent,1250,Appartment,Flat,43157,1050,1990.0,Normal,,45.0,6711.0,1.0,1.0,True,,,True,,Brussels,Rue Jean d'Ardenne,16.0,,
